residue,AA,H1,H2,H3,V,P1,P2,SASA,NCI,MASS,SHOC2AA,Evo_freq,Core_resi,mean_via,min_via,max_via,skew_via,kurt_via,skew2kurt,avgMutateX
1,1,0.64,-1.3,2,94.1,5.7,0.221,2.034,0.002683,131.1986,M,3.806421923,N_unstruc,NA,NA,NA,NA,NA,NA,0.0387235
2,2,-0.18,0.3,4,29.3,9.2,0.062,1.298,0.004627,87.0782,S,2.022841365,N_unstruc,0.448611773,-3.539389022,2.547626953,-1.252745862,4.968373431,-1.252745862,0.1389305
3,3,-0.18,0.3,4,29.3,9.2,0.062,1.298,0.004627,87.0782,S,0,N_unstruc,0.895734727,-0.284936837,2.253979776,0.336949558,4.083578382,0.336949558,0.0268035
4,4,-0.18,0.3,4,29.3,9.2,0.062,1.298,0.004627,87.0782,S,2.979884591,N_unstruc,0.742366121,-0.497751696,2.48027429,0.437120666,2.837101608,0.437120666,1.6980305
5,5,1.06,-1.8,2,93.5,4.9,0.186,1.931,0.051672,113.1594,L,3.219145398,N_unstruc,0.496556137,-0.482611393,1.584103022,0.208224689,2.48885164,0.208224689,0.325459
6,6,0.48,0,2,0,9,0,0.881,0.179052,57.0519,G,0,N_unstruc,0.039085611,-0.690939768,0.564588459,-0.528283305,2.148721415,-0.528283305,0.6917785
7,7,-1.5,3,2,100,11.3,0.219,2.258,0.017708,128.1741,K,0,N_unstruc,0.341336041,-0.604533983,1.74590975,0.488632648,2.570724293,0.488632648,0.2228695
8,8,-0.74,3,4,62,12.3,0.151,1.862,0.006802,129.1155,E,3.045137538,N_unstruc,0.803338856,-0.366143791,1.937652275,-0.393752827,2.41834597,-0.393752827,0.7338
9,9,-1.5,3,2,100,11.3,0.219,2.258,0.017708,128.1741,K,0,N_unstruc,0.782554475,-0.238461581,1.697832134,-0.16369729,2.187447241,-0.16369729,0.6931805
10,10,-0.9,3,4,40,13,0.105,1.587,-0.02382,115.0886,D,0,N_unstruc,0.275919049,-0.379815788,0.778345686,-0.516705984,2.182918739,-0.516705984,-0.0321665
11,11,-0.18,0.3,4,29.3,9.2,0.062,1.298,0.004627,87.0782,S,9.17891458,N_unstruc,0.176471971,-1.056398339,0.870651235,-0.849287564,4.563636655,-0.849287564,0.1908855
12,12,-1.5,3,2,100,11.3,0.219,2.258,0.017708,128.1741,K,0,N_unstruc,0.265816221,-0.767649118,1.698115222,0.700276948,4.064118234,0.700276948,0.0643325
13,13,-0.74,3,4,62,12.3,0.151,1.862,0.006802,129.1155,E,1.522568769,N_unstruc,1.443846397,0.457700864,2.464227502,-0.253951137,2.801404075,-0.253951137,0.515602
14,14,-1.5,3,2,100,11.3,0.219,2.258,0.017708,128.1741,K,3.501908169,N_unstruc,0.476724275,-0.13938836,1.311441447,0.60576796,2.111832463,0.60576796,0.1016845
15,15,-0.9,3,4,40,13,0.105,1.587,-0.02382,115.0886,D,3.480157187,N_unstruc,0.557033527,-0.685680557,1.374444743,-0.436584663,2.346275436,-0.436584663,-0.136837
16,16,0.12,0,2,41.9,8,0.131,1.468,0.239531,97.1167,P,5.9380182,N_unstruc,0.430585966,-0.322307913,0.976173083,-0.322935936,2.027723069,-0.322935936,0.1877805
17,17,-1.5,3,2,100,11.3,0.219,2.258,0.017708,128.1741,K,0,N_unstruc,0.865049917,0.157894703,2.104039659,1.01104706,3.496268031,1.01104706,0.0963815
18,18,1.08,-1.5,2,71.5,5.9,0.14,1.645,0.057004,99.1326,V,8.287124301,N_unstruc,0.740748391,-0.158915942,1.857601656,0.137496509,1.829563566,0.137496509,-0.094523
19,19,0.12,0,2,41.9,8,0.131,1.468,0.239531,97.1167,P,6.046773112,N_unstruc,0.813887281,-0.06027171,2.325118965,1.339251718,5.752154192,1.339251718,0.9198925
20,20,-0.18,0.3,4,29.3,9.2,0.062,1.298,0.004627,87.0782,S,7.634594828,N_unstruc,0.648131601,-0.26696742,1.551334725,-0.049835461,1.887939208,-0.049835461,-0.238936
21,21,0.62,-0.5,2,27.5,8.1,0.046,1.181,0.007187,71.0788,A,4.785216132,N_unstruc,0.289095229,-0.296822298,0.987923965,0.263406836,2.205300177,0.263406836,0.135766
22,22,-1.5,3,2,100,11.3,0.219,2.258,0.017708,128.1741,K,0,N_unstruc,0.660933661,-0.266642608,1.771840438,0.32497342,2.796063338,0.32497342,0.138808
23,23,-0.74,3,4,62,12.3,0.151,1.862,0.006802,129.1155,E,0,N_unstruc,1.033462434,-0.403041112,2.462119107,-0.047831912,3.110436576,-0.047831912,0.380098
24,24,-2.53,3,4,105,10.5,0.18,1.932,0.049211,156.1875,R,3.588912099,N_unstruc,0.678754447,0.275919049,1.218971006,0.515224047,2.916336186,0.515224047,0.1175065
25,25,-0.74,3,4,62,12.3,0.151,1.862,0.006802,129.1155,E,3.697667011,N_unstruc,0.962657096,0.075447548,1.654730385,-0.570621718,2.564848115,-0.570621718,0.0785535
26,26,-1.5,3,2,100,11.3,0.219,2.258,0.017708,128.1741,K,2.175098242,N_unstruc,0.402657063,-0.206114131,1.308250454,0.509454592,2.873946996,0.509454592,0.330854
27,27,-0.74,3,4,62,12.3,0.151,1.862,0.006802,129.1155,E,2.175098242,N_unstruc,0.376326894,-0.362334284,0.933940662,-0.269972764,1.876931465,-0.269972764,0.167706
28,28,0.62,-0.5,2,27.5,8.1,0.046,1.181,0.007187,71.0788,A,3.349651292,N_unstruc,0.544147259,-0.808480394,1.324251306,-0.717908688,2.884521455,-0.717908688,0.086596
29,29,-1.5,3,2,100,11.3,0.219,2.258,0.017708,128.1741,K,0,N_unstruc,0.649437755,-0.071024754,1.590208838,0.609337622,2.322219498,0.609337622,0.607382
30,30,0.62,-0.5,2,27.5,8.1,0.046,1.181,0.007187,71.0788,A,1.805331541,N_unstruc,0.471662308,-0.522276345,1.245391764,-0.338753631,2.150249566,-0.338753631,-0.218164
31,31,-0.18,0.3,4,29.3,9.2,0.062,1.298,0.004627,87.0782,S,3.936927817,N_unstruc,0.45141805,-0.835251015,1.466823642,-0.428305768,2.561841646,-0.428305768,-0.041137
32,32,0.48,0,2,0,9,0,0.881,0.179052,57.0519,G,4.980974973,N_unstruc,0.777812036,0.174787411,2.114247745,0.930305856,3.461689287,0.930305856,-1.7076085
33,33,0.48,0,2,0,9,0,0.881,0.179052,57.0519,G,1.957588418,N_unstruc,NA,NA,NA,NA,NA,NA,2.815552
34,34,1.19,-2.5,2,115.5,5.2,0.29,2.228,0.037552,147.1766,F,5.154982833,N_unstruc,0.363713087,-0.899447336,1.836622305,0.208626005,3.177557485,0.208626005,-0.051183
35,35,0.48,0,2,0,9,0,0.881,0.179052,57.0519,G,4.132686659,N_unstruc,0.786336857,-0.363621113,1.744390557,-0.378660003,2.131900188,-0.378660003,0.2181145
36,36,-1.5,3,2,100,11.3,0.219,2.258,0.017708,128.1741,K,1.631323681,N_unstruc,0.3833255,-0.477496615,1.748358043,0.397107985,2.762962818,0.397107985,0.088684
37,37,-0.74,3,4,62,12.3,0.151,1.862,0.006802,129.1155,E,6.394788831,N_unstruc,0.753317677,0.174141069,1.45373126,0.325127861,2.032531048,0.325127861,0.7598965
38,38,-0.18,0.3,4,29.3,9.2,0.062,1.298,0.004627,87.0782,S,3.045137538,N_unstruc,0.33248266,-0.798549009,1.501263444,0.019224659,2.240045415,0.019224659,0.445205
39,39,-1.5,3,2,100,11.3,0.219,2.258,0.017708,128.1741,K,1.827082523,N_unstruc,0.187651107,-0.776219785,0.996788424,-0.477372909,3.460774032,-0.477372909,0.0241675
40,40,-0.74,3,4,62,12.3,0.151,1.862,0.006802,129.1155,E,3.697667011,N_unstruc,1.121209949,0.305823206,1.809644912,-0.03692808,1.797650452,-0.03692808,0.023893
41,41,-1.5,3,2,100,11.3,0.219,2.258,0.017708,128.1741,K,0,N_unstruc,0.388769018,-0.999888873,1.291217138,-0.492765583,2.935786303,-0.492765583,0.584346
42,42,-0.74,3,4,62,12.3,0.151,1.862,0.006802,129.1155,E,1.522568769,N_unstruc,0.982980754,-0.49019632,2.246495375,-0.241618821,2.968661351,-0.241618821,0.002805
43,43,0.12,0,2,41.9,8,0.131,1.468,0.239531,97.1167,P,7.939108582,N_unstruc,0.382635463,-0.583494205,1.506161836,0.111849312,2.270229965,0.111849312,0.344288
44,44,-1.5,3,2,100,11.3,0.219,2.258,0.017708,128.1741,K,0,N_unstruc,0.310704969,-0.876723984,1.311918244,-0.317294419,2.985328982,-0.317294419,0.30466
45,45,-0.05,-0.4,4,51.3,8.6,0.108,1.525,0.003352,101.1051,T,1.522568769,N_unstruc,0.60677932,-0.749209008,1.596924758,-0.492126417,2.112161134,-0.492126417,0.2871095
46,46,-1.5,3,2,100,11.3,0.219,2.258,0.017708,128.1741,K,0,N_unstruc,0.118781259,-1.286904757,0.846210373,-0.826128755,2.71955637,-0.826128755,0.203342
47,47,0.48,0,2,0,9,0,0.881,0.179052,57.0519,G,2.06634333,N_unstruc,0.595871557,-0.404832958,1.443077693,-0.090578057,2.078139499,-0.090578057,0.093018
48,48,-1.5,3,2,100,11.3,0.219,2.258,0.017708,128.1741,K,1.326809927,N_unstruc,0.286144151,-0.594021194,1.445856478,0.043095639,1.829923596,0.043095639,0.4233325
49,49,-0.9,3,4,40,13,0.105,1.587,-0.02382,115.0886,D,3.349651292,N_unstruc,0.859844223,-0.210500415,1.774803263,-0.069473359,1.724616178,-0.069473359,-0.1104305
50,50,0.62,-0.5,2,27.5,8.1,0.046,1.181,0.007187,71.0788,A,0,N_unstruc,0.698604054,-0.424121993,1.622462362,-0.173772244,2.180458499,-0.173772244,0.060028
51,51,-1.5,3,2,100,11.3,0.219,2.258,0.017708,128.1741,K,0,N_unstruc,0.017878339,-1.120865533,0.998607294,-0.247559233,1.996530947,-0.247559233,0.2811335
52,52,-0.9,3,4,40,13,0.105,1.587,-0.02382,115.0886,D,4.872220061,N_unstruc,0.793242381,0.078450744,1.681881427,0.169777715,2.394009837,0.169777715,0.518444
53,53,0.48,0,2,0,9,0,0.881,0.179052,57.0519,G,0,N_unstruc,0.640335084,-0.749008088,1.595272309,-0.591821266,2.326192504,-0.591821266,0.1124225
54,54,-1.5,3,2,100,11.3,0.219,2.258,0.017708,128.1741,K,1.326809927,N_unstruc,0.376055625,-0.676403319,1.794612047,0.323946335,3.183800261,0.323946335,0.375314
55,55,-1.5,3,2,100,11.3,0.219,2.258,0.017708,128.1741,K,2.653619855,N_unstruc,0.148063106,-1.404706563,1.219615706,-0.454606137,2.415672578,-0.454606137,0.2459405
56,56,-0.9,3,4,40,13,0.105,1.587,-0.02382,115.0886,D,1.674825646,N_unstruc,1.087618355,-0.059998599,1.89911895,-0.453928117,2.145164806,-0.453928117,0.913717
57,57,-0.18,0.3,4,29.3,9.2,0.062,1.298,0.004627,87.0782,S,5.894516235,N_unstruc,0.381521779,-1.130142826,2.353091066,0.3071843,2.40550831,0.3071843,-0.2683765
58,58,-0.18,0.3,4,29.3,9.2,0.062,1.298,0.004627,87.0782,S,3.414904239,N_unstruc,0.51654319,-0.594699437,1.99114523,0.552319326,3.039730645,0.552319326,0.077474
59,59,0.62,-0.5,2,27.5,8.1,0.046,1.181,0.007187,71.0788,A,6.808057496,N_unstruc,0.696324015,-0.488911891,2.475291819,0.493519148,3.199643679,0.493519148,-0.453805
60,60,0.62,-0.5,2,27.5,8.1,0.046,1.181,0.007187,71.0788,A,6.851559461,N_unstruc,0.543463765,-0.883823519,2.611242893,0.789596008,4.839868503,0.789596008,0.0266075
61,61,-0.85,0.2,4,80.7,10.5,0.18,1.932,0.049211,128.1307,Q,5.633504446,N_unstruc,0.674110164,-0.857856408,2.070559075,-0.437466647,3.092671518,-0.437466647,0.4259225
62,62,0.12,0,2,41.9,8,0.131,1.468,0.239531,97.1167,P,1.914086453,N_unstruc,0.982834441,-0.467309499,2.907035249,0.662158916,2.413065463,0.662158916,-0.0084895
63,63,0.48,0,2,0,9,0,0.881,0.179052,57.0519,G,3.915176835,N_unstruc,0.919373744,-1.293035692,3.606095001,0.263527741,3.264077899,0.263527741,0.0224225
64,64,1.08,-1.5,2,71.5,5.9,0.14,1.645,0.057004,99.1326,V,1.9793394,N_unstruc,-1.097977502,-2.659342948,0.457700864,0.03158246,2.557997214,0.03158246,0.0511795
65,65,0.62,-0.5,2,27.5,8.1,0.046,1.181,0.007187,71.0788,A,0,N_unstruc,0.336091774,-2.016568311,3.286056973,0.297114586,3.184631869,0.297114586,0.6137595
66,66,1.19,-2.5,2,115.5,5.2,0.29,2.228,0.037552,147.1766,F,0,N_unstruc,-1.141960671,-2.223018501,0.493486077,0.583474725,2.523343917,0.583474725,0.731368
67,67,-0.18,0.3,4,29.3,9.2,0.062,1.298,0.004627,87.0782,S,0,N_unstruc,1.173305653,-0.750620533,3.098918281,-0.106222149,1.936890148,-0.106222149,0.02828
68,68,1.08,-1.5,2,71.5,5.9,0.14,1.645,0.057004,99.1326,V,0,N_unstruc,-0.517921972,-2.040318732,2.34164186,0.969990575,4.007618374,0.969990575,0.4856065
69,69,-0.9,3,4,40,13,0.105,1.587,-0.02382,115.0886,D,0,N_unstruc,-0.149602823,-1.511010697,1.633311192,0.315825711,2.416554408,0.315825711,2.489701
70,70,-0.78,2,4,58.7,11.6,0.134,1.655,0.005392,114.1039,N,1.609572699,N_unstruc,-0.798162206,-2.562824433,2.361600262,1.068863066,4.976309701,1.068863066,-0.052225
71,71,-0.05,-0.4,4,51.3,8.6,0.108,1.525,0.003352,101.1051,T,0,N_unstruc,0.164344673,-1.404808034,2.262853102,0.547765376,2.765803941,0.547765376,0.764424
72,72,1.38,-1.8,2,93.5,5.2,0.186,1.81,0.021631,113.1594,I,0,N_unstruc,-1.120237395,-2.093524758,0.457700864,0.886905115,3.276979647,0.886905115,0.5124735
73,73,-1.5,3,2,100,11.3,0.219,2.258,0.017708,128.1741,K,1.761829576,N_unstruc,-0.075988853,-3.414335039,2.117851325,-0.409875998,2.420439766,-0.409875998,-0.15073
74,74,-2.53,3,4,105,10.5,0.18,1.932,0.049211,156.1875,R,0,N_unstruc,-1.206365213,-2.696601197,0.778577447,0.124009938,2.186378597,0.124009938,-0.0257725
75,75,0.12,0,2,41.9,8,0.131,1.468,0.239531,97.1167,P,1.914086453,N_unstruc,-0.978777257,-2.515784,0.275919049,-0.466143125,4.601518369,-0.466143125,0.64389
76,76,-0.78,2,4,58.7,11.6,0.134,1.655,0.005392,114.1039,N,0,N_unstruc,0.779494385,-0.072302623,2.26514207,0.883975466,3.39853422,0.883975466,-0.0039875
77,77,0.12,0,2,41.9,8,0.131,1.468,0.239531,97.1167,P,0,N_unstruc,0.118580061,-1.521762419,2.552870132,0.823244154,3.919468945,0.823244154,0.632837
78,78,0.62,-0.5,2,27.5,8.1,0.046,1.181,0.007187,71.0788,A,1.805331541,N_unstruc,0.663941693,-1.069766362,2.261300781,-0.077918756,2.356863393,-0.077918756,-0.075382
79,79,0.12,0,2,41.9,8,0.131,1.468,0.239531,97.1167,P,12.05004426,N_unstruc,0.490731845,-0.798843891,2.014460451,-0.03770139,2.353066134,-0.03770139,0.2515065
80,80,0.48,0,2,0,9,0,0.881,0.179052,57.0519,G,1.848833505,N_unstruc,0.774527946,-0.153340213,2.155548399,0.534911835,3.517061769,0.534911835,-0.743533
81,81,-0.05,-0.4,4,51.3,8.6,0.108,1.525,0.003352,101.1051,T,5.328990692,N_unstruc,0.46871305,-0.573691108,2.065542928,0.625819678,2.614371087,0.625819678,-0.162822
82,82,-2.53,3,4,105,10.5,0.18,1.932,0.049211,156.1875,R,1.957588418,N_unstruc,-0.314082042,-1.716628833,1.976836654,0.70473164,4.526598554,0.70473164,0.9576595
83,83,-1.5,3,2,100,11.3,0.219,2.258,0.017708,128.1741,K,0,N_unstruc,0.272261427,-1.044898146,1.230240547,-0.456066418,1.88105466,-0.456066418,0.440684
84,84,-1.5,3,2,100,11.3,0.219,2.258,0.017708,128.1741,K,0,N_unstruc,0.183745768,-1.203124943,1.503239017,-0.226317824,3.034194324,-0.226317824,0.178549
85,85,-0.18,0.3,4,29.3,9.2,0.062,1.298,0.004627,87.0782,S,1.087549121,N_unstruc,0.510688922,-0.836432278,2.178647103,0.319425932,3.490202881,0.319425932,0.0666275
86,86,-0.18,0.3,4,29.3,9.2,0.062,1.298,0.004627,87.0782,S,0,N_unstruc,0.403458508,-0.70359939,1.349235576,-0.236188061,2.228988446,-0.236188061,1.4645495
87,87,-0.78,2,4,58.7,11.6,0.134,1.655,0.005392,114.1039,N,0,N_unstruc,-0.32652306,-1.585038309,0.520023139,-0.737438396,2.535740984,-0.737438396,-0.2209305
88,88,0.62,-0.5,2,27.5,8.1,0.046,1.181,0.007187,71.0788,A,0,surface,0.626387671,-0.644659806,2.211258086,0.574651738,3.666417665,0.574651738,0.1545075
89,89,-0.74,3,4,62,12.3,0.151,1.862,0.006802,129.1155,E,0,surface,0.781574779,-0.393922591,1.735205626,-0.220053382,2.544806453,-0.220053382,0.7420855
90,90,1.08,-1.5,2,71.5,5.9,0.14,1.645,0.057004,99.1326,V,0,core,0.198738322,-0.920532672,1.325117627,0.121601885,1.927430968,0.121601885,2.991597
91,91,1.38,-1.8,2,93.5,5.2,0.186,1.81,0.021631,113.1594,I,1.891829633,surface,0.800225881,-0.328216501,2.793425017,0.92613033,3.386121806,0.92613033,1.1138315
92,92,-1.5,3,2,100,11.3,0.219,2.258,0.017708,128.1741,K,0,surface,-0.195552055,-1.12795737,0.760518793,0.404591097,2.213434673,0.404591097,1.101257
93,93,-0.74,3,4,62,12.3,0.151,1.862,0.006802,129.1155,E,0,surface,0.451971597,-0.936251731,1.405169708,-0.645027539,2.883363624,-0.645027539,-0.109976
94,94,1.06,-1.8,2,93.5,4.9,0.186,1.931,0.051672,113.1594,L,0,core,-0.47272633,-2.39230854,1.768313241,0.467868235,2.810046292,0.467868235,3.5069085
95,95,-0.78,2,4,58.7,11.6,0.134,1.655,0.005392,114.1039,N,1.736031899,surface,0.170410537,-0.784849789,1.9313597,0.923804197,4.007484361,0.923804197,-0.166181
96,96,-1.5,3,2,100,11.3,0.219,2.258,0.017708,128.1741,K,0,surface,-0.093145021,-1.301826406,0.880269588,-0.432962722,2.335140673,-0.432962722,0.869168
97,97,0.29,-1,2,44.6,5.5,0.128,1.461,-0.03661,103.1388,C,0,core,-0.284655488,-1.5746165,1.343282918,0.241425992,2.837387822,0.241425992,1.0777325
98,98,-2.53,3,4,105,10.5,0.18,1.932,0.049211,156.1875,R,0,surface,-0.074537431,-2.51507679,1.231223739,-0.917303521,4.101517089,-0.917303521,0.700409
99,99,-0.74,3,4,62,12.3,0.151,1.862,0.006802,129.1155,E,0,surface,0.767036251,-0.780657413,2.158231468,-0.41059291,2.566275275,-0.41059291,-0.110401
100,100,-0.74,3,4,62,12.3,0.151,1.862,0.006802,129.1155,E,0,surface,0.0990677,-2.061854552,0.878143287,-1.927448369,7.546158983,-1.927448369,0.1836235
101,101,-0.78,2,4,58.7,11.6,0.134,1.655,0.005392,114.1039,N,0,surface,0.61754239,-0.586622621,1.400454695,-0.650636231,2.42617743,-0.650636231,0.8464155
102,102,-0.18,0.3,4,29.3,9.2,0.062,1.298,0.004627,87.0782,S,1.112840961,surface,0.049834966,-0.978709068,1.334083282,0.06905316,3.351568458,0.06905316,0.8268045
103,103,0.64,-1.3,2,94.1,5.7,0.221,2.034,0.002683,131.1986,M,8.346307206,surface,0.156568154,-0.840075392,1.026053905,-0.423333321,2.561885351,-0.423333321,0.1808845
104,104,-2.53,3,4,105,10.5,0.18,1.932,0.049211,156.1875,R,2.069884187,surface,-0.432899744,-1.948755398,1.512901844,0.252441506,2.136113901,0.252441506,0.765179
105,105,1.06,-1.8,2,93.5,4.9,0.186,1.931,0.051672,113.1594,L,0,core,-0.447263753,-2.786744208,1.857474769,-0.148368568,1.618481058,-0.148368568,4.8447185
106,106,-0.9,3,4,40,13,0.105,1.587,-0.02382,115.0886,D,0,surface,-0.920410254,-2.387261421,0.516789795,0.296054769,2.470712558,0.296054769,2.342366
107,107,1.06,-1.8,2,93.5,4.9,0.186,1.931,0.051672,113.1594,L,0,core,-0.881556599,-3.453197615,0.706200617,-0.299825126,1.927822896,-0.299825126,4.845447
108,108,-0.18,0.3,4,29.3,9.2,0.062,1.298,0.004627,87.0782,S,3.418011523,core,-0.320534425,-2.243087456,2.052401138,0.138734061,2.387534396,0.138734061,2.3159615
109,109,-1.5,3,2,100,11.3,0.219,2.258,0.017708,128.1741,K,0,surface,-0.382309777,-3.182691493,0.716983462,-1.525048744,6.386667073,-1.525048744,0.704261
110,110,-2.53,3,4,105,10.5,0.18,1.932,0.049211,156.1875,R,1.446693249,surface,-0.525459328,-3.237610921,0.457700864,-1.869357289,6.519314881,-1.869357289,1.11473
111,111,-0.18,0.3,4,29.3,9.2,0.062,1.298,0.004627,87.0782,S,0,surface,0.657850694,-1.436854183,2.246969728,-0.363343706,3.116762545,-0.363343706,-0.11873
112,112,1.38,-1.8,2,93.5,5.2,0.186,1.81,0.021631,113.1594,I,0,core,-0.100315374,-1.577488274,1.923696148,0.249249088,1.891964541,0.249249088,3.992159
113,113,-0.4,-0.5,4,79,10.4,0.23,2.025,-0.01069,137.1411,H,1.98085691,surface,0.541160729,-0.681957908,2.997480622,1.250748113,5.421650876,1.250748113,0.0088775
114,114,1.38,-1.8,2,93.5,5.2,0.186,1.81,0.021631,113.1594,I,1.825059176,surface,0.19469719,-0.64036864,1.268509571,0.701158998,3.196953267,0.701158998,0.0818485
115,115,1.06,-1.8,2,93.5,4.9,0.186,1.931,0.051672,113.1594,L,2.136654645,core,-0.995326486,-3.069108624,1.731051892,0.422420722,2.400802368,0.422420722,4.1149045
116,116,0.12,0,2,41.9,8,0.131,1.468,0.239531,97.1167,P,0,surface,0.098422285,-0.823110305,1.009050192,-0.196958068,1.980575934,-0.196958068,1.982231
117,117,-0.18,0.3,4,29.3,9.2,0.062,1.298,0.004627,87.0782,S,5.11906842,surface,0.104569541,-0.981709509,1.071934211,-0.246943564,3.039029045,-0.246943564,-0.498218
118,118,-0.18,0.3,4,29.3,9.2,0.062,1.298,0.004627,87.0782,S,2.225681922,surface,0.413734258,-1.078093529,1.395429251,-0.511668509,2.750435391,-0.511668509,-0.870288
119,119,1.38,-1.8,2,93.5,5.2,0.186,1.81,0.021631,113.1594,I,2.336966018,core,-0.952979674,-3.450796509,1.152850069,-0.179885456,1.630649865,-0.179885456,4.582559
120,120,-1.5,3,2,100,11.3,0.219,2.258,0.017708,128.1741,K,0,surface,0.104217253,-1.151364603,1.238140811,0.019527104,2.230456879,0.019527104,1.0194235
121,121,-0.74,3,4,62,12.3,0.151,1.862,0.006802,129.1155,E,1.557977345,surface,0.880649342,-0.335003357,1.913687148,-0.169433647,2.413774502,-0.169433647,-0.1908805
122,122,1.06,-1.8,2,93.5,4.9,0.186,1.931,0.051672,113.1594,L,0,core,0.203463343,-1.411984045,1.292480132,-0.587234005,3.153997093,-0.587234005,3.517525
123,123,-0.05,-0.4,4,51.3,8.6,0.108,1.525,0.003352,101.1051,T,0,surface,0.019151378,-1.62091689,1.583640941,-0.097149659,2.843776953,-0.097149659,-0.5059645
124,124,-0.85,0.2,4,80.7,10.5,0.18,1.932,0.049211,128.1307,Q,0,surface,0.408884973,-0.638745453,1.27401314,-0.286950996,1.876037016,-0.286950996,-0.273302
125,125,1.06,-1.8,2,93.5,4.9,0.186,1.931,0.051672,113.1594,L,3.182725148,core,-0.798657838,-3.176379074,1.413621037,-0.266761071,2.636754658,-0.266761071,4.3506525
126,126,-0.05,-0.4,4,51.3,8.6,0.108,1.525,0.003352,101.1051,T,3.627861532,surface,0.133436074,-0.758841505,1.350087151,0.159906727,1.929274838,0.159906727,-0.6598125
127,127,-0.74,3,4,62,12.3,0.151,1.862,0.006802,129.1155,E,0,surface,-1.420382948,-2.62590128,0.275919049,0.546759599,2.89048784,0.546759599,1.489716
128,128,1.06,-1.8,2,93.5,4.9,0.186,1.931,0.051672,113.1594,L,0,core,-0.556300293,-2.15758805,1.247336866,0.044587749,1.658020368,0.044587749,4.232594
129,129,0.26,-2.3,3,117.3,6.2,0.298,2.368,0.023599,163.176,Y,0,surface,-1.000858284,-1.927539344,0.727811542,1.2547546,4.336184164,1.2547546,3.4397035
130,130,1.06,-1.8,2,93.5,4.9,0.186,1.931,0.051672,113.1594,L,0,core,-0.376917608,-2.039813127,1.418146079,-0.009794083,1.852050921,-0.009794083,4.621446
131,131,0.26,-2.3,3,117.3,6.2,0.298,2.368,0.023599,163.176,Y,0,surface,-1.571087175,-2.96829654,0.275919049,0.562040111,3.4851466,0.562040111,0.6313775
132,132,-0.18,0.3,4,29.3,9.2,0.062,1.298,0.004627,87.0782,S,3.11595469,surface,-0.739329763,-1.83161506,0.457700864,0.269866949,2.515928665,0.269866949,0.157077
133,133,-0.78,2,4,58.7,11.6,0.134,1.655,0.005392,114.1039,N,0,core,-1.311621562,-2.672571095,0.275919049,0.253904806,3.04707915,0.253904806,10.5814075
134,134,-1.5,3,2,100,11.3,0.219,2.258,0.017708,128.1741,K,0,surface,-0.387907486,-1.621772041,2.144975793,1.202804415,5.06279287,1.202804415,0.7778945
135,135,1.06,-1.8,2,93.5,4.9,0.186,1.931,0.051672,113.1594,L,0,core,-0.46723839,-2.351021411,2.305139895,0.192112935,3.030202633,0.192112935,3.852063
136,136,-0.85,0.2,4,80.7,10.5,0.18,1.932,0.049211,128.1307,Q,0,surface,0.297294854,-0.72172282,1.391345482,0.09581497,2.042991541,0.09581497,-0.1816665
137,137,-0.18,0.3,4,29.3,9.2,0.062,1.298,0.004627,87.0782,S,4.095254736,surface,-0.151966908,-1.324589493,0.893631711,-0.38766035,2.611525425,-0.38766035,0.294027
138,138,1.06,-1.8,2,93.5,4.9,0.186,1.931,0.051672,113.1594,L,0,core,-0.907053424,-2.821632696,0.566873506,-0.13179155,2.250560735,-0.13179155,4.470054
139,139,0.12,0,2,41.9,8,0.131,1.468,0.239531,97.1167,P,0,surface,0.100640668,-1.279693574,1.3965413,-0.329581798,3.006842816,-0.329581798,2.8802715
140,140,0.62,-0.5,2,27.5,8.1,0.046,1.181,0.007187,71.0788,A,3.627861532,surface,0.752287941,-0.217417012,1.635406282,-0.013275633,2.82394114,-0.013275633,0.0542145
141,141,-0.74,3,4,62,12.3,0.151,1.862,0.006802,129.1155,E,0,surface,-0.002466348,-1.362093412,0.723015721,-0.995103626,3.086838648,-0.995103626,1.5750825
142,142,1.08,-1.5,2,71.5,5.9,0.14,1.645,0.057004,99.1326,V,1.157354599,core,-0.064162748,-1.940895875,1.098841471,-0.468750548,2.132366703,-0.468750548,3.239752
143,143,0.48,0,2,0,9,0,0.881,0.179052,57.0519,G,0,core,-0.011237608,-2.632513306,0.978478547,-2.110831062,8.678466162,-2.110831062,8.0080865
144,144,0.29,-1,2,44.6,5.5,0.128,1.461,-0.03661,103.1388,C,0,surface,0.425321352,-0.369652455,1.507869237,0.518137504,3.142480882,0.518137504,0.1313305
145,145,1.06,-1.8,2,93.5,4.9,0.186,1.931,0.051672,113.1594,L,1.535720526,core,-0.242530438,-1.86672804,1.678433806,0.06744296,2.769930949,0.06744296,4.5864025
146,146,1.08,-1.5,2,71.5,5.9,0.14,1.645,0.057004,99.1326,V,3.783659267,surface,0.470053225,-0.494110693,1.267410877,-0.236737269,2.538541369,-0.236737269,0.048706
147,147,-0.78,2,4,58.7,11.6,0.134,1.655,0.005392,114.1039,N,4.918757047,surface,0.47029735,-0.978292569,1.308856335,-0.485209554,3.342563579,-0.485209554,1.492786
148,148,1.06,-1.8,2,93.5,4.9,0.186,1.931,0.051672,113.1594,L,0,core,-0.575304366,-2.747521977,1.777779811,0.266691053,2.091523151,0.266691053,4.8238415
149,149,0.64,-1.3,2,94.1,5.7,0.221,2.034,0.002683,131.1986,M,7.634088991,surface,0.55002779,-1.513443621,1.626549747,-1.100083633,4.139716226,-1.100083633,1.028594
150,150,-0.05,-0.4,4,51.3,8.6,0.108,1.525,0.003352,101.1051,T,1.825059176,surface,0.109041692,-2.839495427,1.996870769,-0.437316545,2.529754826,-0.437316545,0.013095
151,151,1.06,-1.8,2,93.5,4.9,0.186,1.931,0.051672,113.1594,L,0,core,-0.775427522,-2.18760995,1.319372587,0.504807876,1.904125048,0.504807876,3.7941165
152,152,0.62,-0.5,2,27.5,8.1,0.046,1.181,0.007187,71.0788,A,1.847315995,core,-0.880193043,-2.190899276,1.316318585,0.500763342,2.738756779,0.500763342,-0.6461805
153,153,1.06,-1.8,2,93.5,4.9,0.186,1.931,0.051672,113.1594,L,0,core,-0.502642337,-2.287441572,1.263402752,0.126936095,1.658058131,0.126936095,4.5636145
154,154,-0.18,0.3,4,29.3,9.2,0.062,1.298,0.004627,87.0782,S,3.605604713,core,-1.010888342,-2.924361952,0.617249443,-0.057765359,1.657761512,-0.057765359,1.03085
155,155,-0.74,3,4,62,12.3,0.151,1.862,0.006802,129.1155,E,0,surface,-1.354155067,-2.543397517,0.275919049,0.019624685,3.36910528,0.019624685,1.11172
156,156,-0.78,2,4,58.7,11.6,0.134,1.655,0.005392,114.1039,N,0,core,-1.051226727,-2.622017311,0.457700864,0.060368744,3.451620799,0.060368744,7.903257
157,157,-0.18,0.3,4,29.3,9.2,0.062,1.298,0.004627,87.0782,S,0,surface,0.171827793,-1.840089689,1.812345103,-0.042898789,2.299747125,-0.042898789,-0.2068375
158,158,1.06,-1.8,2,93.5,4.9,0.186,1.931,0.051672,113.1594,L,0,core,-1.117604758,-2.873010624,1.033526358,0.359673081,1.8754487,0.359673081,3.698236
159,159,-0.05,-0.4,4,51.3,8.6,0.108,1.525,0.003352,101.1051,T,0,surface,0.145668293,-0.734289136,1.619789387,0.80562543,2.569070727,0.80562543,-0.180176
160,160,-0.18,0.3,4,29.3,9.2,0.062,1.298,0.004627,87.0782,S,0,surface,0.283358033,-0.935005137,1.470611855,-0.224274443,2.355819384,-0.224274443,1.0599615
161,161,1.06,-1.8,2,93.5,4.9,0.186,1.931,0.051672,113.1594,L,0,core,-1.062267496,-2.67291697,0.639304697,0.396611787,2.392132367,0.396611787,4.5669155
162,162,0.12,0,2,41.9,8,0.131,1.468,0.239531,97.1167,P,0,surface,0.19814665,-1.272207895,1.375276315,-0.14058856,2.280582722,-0.14058856,4.709515
163,163,-0.9,3,4,40,13,0.105,1.587,-0.02382,115.0886,D,1.71377508,surface,0.376685608,-0.404207719,1.599497586,0.511550455,3.619083461,0.511550455,0.4848615
164,164,-0.18,0.3,4,29.3,9.2,0.062,1.298,0.004627,87.0782,S,0,surface,0.052550211,-1.431542769,0.821623984,-0.843233491,3.170144017,-0.843233491,0.012151
165,165,1.06,-1.8,2,93.5,4.9,0.186,1.931,0.051672,113.1594,L,0,core,-0.229113167,-1.806823378,1.506646544,-0.11290509,1.587633133,-0.11290509,4.288432
166,166,-0.9,3,4,40,13,0.105,1.587,-0.02382,115.0886,D,0,surface,0.630096443,-0.496133435,1.748962067,0.064563491,2.624919124,0.064563491,-0.554379
167,167,-0.78,2,4,58.7,11.6,0.134,1.655,0.005392,114.1039,N,1.669261441,surface,0.378038712,-0.234322481,1.330622208,0.61408533,2.998141857,0.61408533,0.1024275
168,168,1.06,-1.8,2,93.5,4.9,0.186,1.931,0.051672,113.1594,L,2.225681922,core,0.903135151,-1.457312452,2.253762784,-1.034426475,3.677185133,-1.034426475,3.5473135
169,169,-1.5,3,2,100,11.3,0.219,2.258,0.017708,128.1741,K,0,surface,0.646894582,-0.926582553,1.78200917,-0.357416014,3.318154406,-0.357416014,0.4611285
170,170,-1.5,3,2,100,11.3,0.219,2.258,0.017708,128.1741,K,6.120625285,surface,0.440589059,-1.35945942,1.885664994,-0.245107301,3.129050728,-0.245107301,1.2948215
171,171,1.06,-1.8,2,93.5,4.9,0.186,1.931,0.051672,113.1594,L,0,core,-0.711003561,-2.56289427,1.214125942,-0.099267664,1.851068593,-0.099267664,5.187796
172,172,-2.53,3,4,105,10.5,0.18,1.932,0.049211,156.1875,R,4.095254736,surface,0.686941273,-0.845858287,2.92452826,0.670182176,3.251124854,0.670182176,0.867684
173,173,0.64,-1.3,2,94.1,5.7,0.221,2.034,0.002683,131.1986,M,0,surface,0.588921115,-1.823931789,2.361879101,-0.11163529,2.36111609,-0.11163529,2.602391
174,174,1.06,-1.8,2,93.5,4.9,0.186,1.931,0.051672,113.1594,L,1.647004622,core,-0.483248616,-2.113002885,1.347585709,0.238874902,1.668421862,0.238874902,4.494771
175,175,-0.9,3,4,40,13,0.105,1.587,-0.02382,115.0886,D,0,surface,-0.97246908,-2.354306229,0.917582016,0.610226056,3.280788741,0.610226056,2.4572355
176,176,1.06,-1.8,2,93.5,4.9,0.186,1.931,0.051672,113.1594,L,0,core,-0.394731743,-2.2121298,2.606636412,0.740431191,2.89186249,0.740431191,4.762691
177,177,-2.53,3,4,105,10.5,0.18,1.932,0.049211,156.1875,R,0,surface,-1.469594809,-2.983092025,0.275919049,-0.188495449,2.432840692,-0.188495449,2.980418
178,178,-0.4,-0.5,4,79,10.4,0.23,2.025,-0.01069,137.1411,H,0,surface,-1.564213895,-2.921609432,0.457700864,0.541016134,4.117075432,0.541016134,-3.50E-05
179,179,-0.78,2,4,58.7,11.6,0.134,1.655,0.005392,114.1039,N,0,core,-0.907345034,-2.114546289,0.524497506,0.61554745,2.511385093,0.61554745,6.420597
180,180,-1.5,3,2,100,11.3,0.219,2.258,0.017708,128.1741,K,0,surface,-0.943306078,-2.446425455,1.425404154,0.887697456,3.780840461,0.887697456,0.193755
181,181,1.06,-1.8,2,93.5,4.9,0.186,1.931,0.051672,113.1594,L,0,core,-0.783827614,-2.598522386,0.689392211,-0.449789625,1.883886936,-0.449789625,3.4608535
182,182,-2.53,3,4,105,10.5,0.18,1.932,0.049211,156.1875,R,0,surface,-0.614241235,-1.581291251,0.736435983,0.824093265,2.912085101,0.824093265,-0.099813
183,183,-0.74,3,4,62,12.3,0.151,1.862,0.006802,129.1155,E,0,surface,0.744074539,0.257256046,1.193224474,-0.183908656,1.457781143,-0.183908656,-0.016159
184,184,1.38,-1.8,2,93.5,5.2,0.186,1.81,0.021631,113.1594,I,0,core,-0.547682832,-2.439121032,1.913857485,0.427765692,2.443358435,0.427765692,2.3283825
185,185,0.12,0,2,41.9,8,0.131,1.468,0.239531,97.1167,P,0,core,0.306892145,-1.7307099,1.7365808,-0.214467094,2.056774887,-0.214467094,6.8052445
186,186,-0.18,0.3,4,29.3,9.2,0.062,1.298,0.004627,87.0782,S,8.635645856,surface,0.505231797,-0.547319059,1.160480421,-0.587773408,2.930564621,-0.587773408,-0.3743
187,187,1.08,-1.5,2,71.5,5.9,0.14,1.645,0.057004,99.1326,V,0,core,1.016446682,-0.633550591,2.876391623,-0.091347052,1.911892538,-0.091347052,5.4402145
188,188,1.08,-1.5,2,71.5,5.9,0.14,1.645,0.057004,99.1326,V,1.647004622,core,-0.244835845,-1.928117518,1.680209263,0.157622295,2.027294646,0.157622295,3.619718
189,189,0.26,-2.3,3,117.3,6.2,0.298,2.368,0.023599,163.176,Y,0,core,0.242744255,-1.449394801,1.693030702,-0.348678853,2.813121753,-0.348678853,2.910787
190,190,-2.53,3,4,105,10.5,0.18,1.932,0.049211,156.1875,R,0,surface,0.795034257,-1.41492918,2.486398801,-0.735278793,4.236744878,-0.735278793,0.763137
191,191,1.06,-1.8,2,93.5,4.9,0.186,1.931,0.051672,113.1594,L,1.647004622,core,0.161100686,-1.567982343,1.281292852,-0.665637603,3.153455302,-0.665637603,3.8485825
192,192,-0.9,3,4,40,13,0.105,1.587,-0.02382,115.0886,D,7.589575353,surface,0.564138436,-0.957532279,2.02173291,0.155996962,2.920374234,0.155996962,-0.3584255
193,193,-0.18,0.3,4,29.3,9.2,0.062,1.298,0.004627,87.0782,S,1.402179611,core,0.421311259,-0.538285069,1.202876184,-0.289062206,2.347289513,-0.289062206,0.947868
194,194,1.06,-1.8,2,93.5,4.9,0.186,1.931,0.051672,113.1594,L,0,core,-0.807311701,-2.295457943,0.788584704,-0.03909609,1.701302299,-0.03909609,4.665306
195,195,-0.05,-0.4,4,51.3,8.6,0.108,1.525,0.003352,101.1051,T,1.557977345,surface,0.030112501,-4.970180402,1.170350957,-3.66241252,15.74843674,-3.66241252,0.04721
196,196,-0.05,-0.4,4,51.3,8.6,0.108,1.525,0.003352,101.1051,T,1.825059176,surface,0.000124454,-1.851011542,2.987563391,0.675549038,3.967963845,0.675549038,0.5817175
197,197,1.06,-1.8,2,93.5,4.9,0.186,1.931,0.051672,113.1594,L,0,core,0.103448391,-1.43444119,1.86929885,-0.079325277,1.764147721,-0.079325277,3.4451615
198,198,0.26,-2.3,3,117.3,6.2,0.298,2.368,0.023599,163.176,Y,2.626304668,surface,-0.582754272,-1.970541769,1.949641091,1.090410258,3.503472223,1.090410258,2.3552055
199,199,1.06,-1.8,2,93.5,4.9,0.186,1.931,0.051672,113.1594,L,0,core,-0.055642297,-2.281130957,2.107033077,0.015418235,2.494635447,0.015418235,3.8925975
200,200,-2.53,3,4,105,10.5,0.18,1.932,0.049211,156.1875,R,0,surface,-1.421439014,-2.994532686,0.275919049,0.494264032,2.618068618,0.494264032,-0.026186
201,201,1.19,-2.5,2,115.5,5.2,0.29,2.228,0.037552,147.1766,F,0,surface,-0.95134952,-2.362155072,2.355247819,1.573653807,5.388991366,1.573653807,0.5467815
202,202,-0.78,2,4,58.7,11.6,0.134,1.655,0.005392,114.1039,N,0,core,-1.340224954,-2.943965981,0.275919049,0.230035015,2.860592213,0.230035015,8.858587
203,203,-2.53,3,4,105,10.5,0.18,1.932,0.049211,156.1875,R,0,surface,-1.510711881,-2.864073306,0.769349834,1.109078528,4.067022305,1.109078528,0.627203
204,204,1.38,-1.8,2,93.5,5.2,0.186,1.81,0.021631,113.1594,I,0,core,-0.60384185,-2.645664736,1.296010651,-0.005210418,1.831489014,-0.005210418,4.933129
205,205,-0.05,-0.4,4,51.3,8.6,0.108,1.525,0.003352,101.1051,T,0,surface,0.845334085,-0.502461435,1.985153129,-0.277326829,3.112795832,-0.277326829,-0.154392
206,206,-0.05,-0.4,4,51.3,8.6,0.108,1.525,0.003352,101.1051,T,6.231909381,surface,0.328052262,-0.612725751,1.491195021,0.520681034,3.425660506,0.520681034,0.085116
207,207,1.08,-1.5,2,71.5,5.9,0.14,1.645,0.057004,99.1326,V,0,core,-0.316371575,-1.608167897,0.918662186,-0.091640155,2.031123689,-0.091640155,2.396216
208,208,-0.74,3,4,62,12.3,0.151,1.862,0.006802,129.1155,E,0,surface,0.726936695,-0.294521138,1.388937719,-0.544388084,2.310833817,-0.544388084,0.9847235
209,209,-1.5,3,2,100,11.3,0.219,2.258,0.017708,128.1741,K,1.669261441,surface,0.629959579,-0.908927728,1.881994779,-0.288923282,2.705040912,-0.288923282,0.399754
210,210,-0.9,3,4,40,13,0.105,1.587,-0.02382,115.0886,D,1.71377508,surface,-0.138383249,-1.252344667,1.142973009,0.497297022,3.427268716,0.497297022,1.0529855
211,211,1.38,-1.8,2,93.5,5.2,0.186,1.81,0.021631,113.1594,I,0.778988673,core,-0.498771861,-2.311681579,1.585398202,0.438332806,2.416304878,0.438332806,3.008375
212,212,-1.5,3,2,100,11.3,0.219,2.258,0.017708,128.1741,K,6.142882104,surface,0.694889548,-0.371426877,1.574684584,-0.31474449,2.122560825,-0.31474449,1.9197595
213,213,-0.78,2,4,58.7,11.6,0.134,1.655,0.005392,114.1039,N,7.38926398,surface,0.081936106,-1.357940163,1.010715766,-0.918545013,2.733584027,-0.918545013,1.1002945
214,214,1.06,-1.8,2,93.5,4.9,0.186,1.931,0.051672,113.1594,L,0,core,-0.416893609,-1.86498441,0.693053853,-0.463878068,3.338487195,-0.463878068,4.6677775
215,215,-0.18,0.3,4,29.3,9.2,0.062,1.298,0.004627,87.0782,S,1.936343272,surface,0.48170763,-0.338483516,1.336533589,0.141523253,2.361186341,0.141523253,0.850521
216,216,-1.5,3,2,100,11.3,0.219,2.258,0.017708,128.1741,K,3.227238786,surface,0.568150069,-0.726531815,2.549715458,0.450816606,3.15749046,0.450816606,0.5838625
217,217,1.06,-1.8,2,93.5,4.9,0.186,1.931,0.051672,113.1594,L,0,core,-0.515157526,-2.241639988,1.026659872,-0.067237563,1.973490679,-0.067237563,4.426064
218,218,-0.18,0.3,4,29.3,9.2,0.062,1.298,0.004627,87.0782,S,5.653232081,surface,0.706096494,-0.864345618,2.154328849,0.045626167,2.358318422,0.045626167,0.013595
219,219,0.64,-1.3,2,94.1,5.7,0.221,2.034,0.002683,131.1986,M,1.669261441,surface,0.490994127,-1.683128935,3.167086014,0.311219468,2.984960124,0.311219468,1.2508045
220,220,1.06,-1.8,2,93.5,4.9,0.186,1.931,0.051672,113.1594,L,0,core,-0.018783278,-1.57395328,2.08667099,0.486682804,2.174543909,0.486682804,2.980072
221,221,-0.18,0.3,4,29.3,9.2,0.062,1.298,0.004627,87.0782,S,1.557977345,core,-0.467563803,-2.556483737,1.920859504,0.121975989,2.284055517,0.121975989,-1.0866185
222,222,1.38,-1.8,2,93.5,5.2,0.186,1.81,0.021631,113.1594,I,0,core,-0.416028888,-1.511646286,1.085279469,0.333130255,2.054750391,0.333130255,2.8102835
223,223,-2.53,3,4,105,10.5,0.18,1.932,0.049211,156.1875,R,0,surface,-1.372575134,-2.377296917,0.457700864,0.882227234,3.872335738,0.882227234,3.1972105
224,224,-0.74,3,4,62,12.3,0.151,1.862,0.006802,129.1155,E,0,surface,0.670295792,-2.74015044,3.49224325,-0.190639941,2.334319476,-0.190639941,1.0586595
225,225,-0.78,2,4,58.7,11.6,0.134,1.655,0.005392,114.1039,N,0,core,-0.989878841,-1.790936651,0.457700864,0.765146585,3.037179963,0.765146585,8.5077155
226,226,-1.5,3,2,100,11.3,0.219,2.258,0.017708,128.1741,K,0,surface,-0.796692407,-1.57605196,0.275919049,0.593580679,2.603635504,0.593580679,0.1787995
227,227,1.38,-1.8,2,93.5,5.2,0.186,1.81,0.021631,113.1594,I,0,core,-0.393319342,-1.169471354,0.532447493,0.348263171,1.695955958,0.348263171,4.1581915
228,228,-1.5,3,2,100,11.3,0.219,2.258,0.017708,128.1741,K,0,surface,0.144763045,-1.702407616,1.68946519,-0.305497454,4.132649541,-0.305497454,0.011236
229,229,-0.85,0.2,4,80.7,10.5,0.18,1.932,0.049211,128.1307,Q,1.870584488,surface,0.48262202,-0.413991137,1.707891101,0.407730931,2.482506523,0.407730931,0.143645
230,230,1.06,-1.8,2,93.5,4.9,0.186,1.931,0.051672,113.1594,L,0,core,-0.460367225,-2.664688919,1.557671592,0.153070011,1.812986729,0.153070011,3.3546885
231,231,0.12,0,2,41.9,8,0.131,1.468,0.239531,97.1167,P,0,surface,-0.084633638,-1.205123248,0.863219613,-0.269527654,1.915420519,-0.269527654,3.457081
232,232,0.62,-0.5,2,27.5,8.1,0.046,1.181,0.007187,71.0788,A,0,surface,1.045737228,0.048183576,2.875619298,0.562667495,3.199507772,0.562667495,0.202723
233,233,-0.74,3,4,62,12.3,0.151,1.862,0.006802,129.1155,E,2.175098242,surface,0.627887184,-0.366028852,1.665434247,0.008004438,2.460644184,0.008004438,1.4367565
234,234,1.38,-1.8,2,93.5,5.2,0.186,1.81,0.021631,113.1594,I,0,core,-0.157338698,-1.63827697,1.783225534,0.172950254,2.239386304,0.172950254,2.933031
235,235,0.48,0,2,0,9,0,0.881,0.179052,57.0519,G,0,core,0.55518278,-1.350368889,2.023245561,-0.930360793,7.982071873,-0.930360793,4.4151065
236,236,-0.74,3,4,62,12.3,0.151,1.862,0.006802,129.1155,E,0,surface,0.420312041,-0.572215733,1.536732088,0.121539778,1.985671954,0.121539778,-0.3360445
237,237,1.06,-1.8,2,93.5,4.9,0.186,1.931,0.051672,113.1594,L,0,core,0.292039261,-1.319472631,1.472623196,-0.388645773,2.873035823,-0.388645773,4.707491
238,238,0.29,-1,2,44.6,5.5,0.128,1.461,-0.03661,103.1388,C,0,surface,0.876560874,-0.697098323,1.959650857,-0.299045966,2.866714624,-0.299045966,-0.0001535
239,239,-0.78,2,4,58.7,11.6,0.134,1.655,0.005392,114.1039,N,3.338522883,surface,1.055352272,0.073518202,3.230622314,1.342261384,5.238760555,1.342261384,1.0474755
240,240,1.06,-1.8,2,93.5,4.9,0.186,1.931,0.051672,113.1594,L,0,core,-0.221407833,-1.803149362,1.692829618,0.054473635,1.875434825,0.054473635,4.7769725
241,241,1.38,-1.8,2,93.5,5.2,0.186,1.81,0.021631,113.1594,I,1.647004622,surface,0.153869492,-1.689489494,1.570025761,-0.766601996,2.819495807,-0.766601996,0.604025
242,242,-0.05,-0.4,4,51.3,8.6,0.108,1.525,0.003352,101.1051,T,0,surface,0.277057619,-1.972574647,3.070826144,0.364909761,2.990262351,0.364909761,-0.567221
243,243,1.06,-1.8,2,93.5,4.9,0.186,1.931,0.051672,113.1594,L,0,core,-0.406920134,-2.172026054,1.284607488,0.063633503,1.845140841,0.063633503,3.0495895
244,244,-0.9,3,4,40,13,0.105,1.587,-0.02382,115.0886,D,0,surface,-1.26329193,-2.710370733,0.492952336,0.608225161,2.801849274,0.608225161,0.497828
245,245,1.08,-1.5,2,71.5,5.9,0.14,1.645,0.057004,99.1326,V,0,core,0.047525399,-2.402633601,1.992210311,-0.63706684,3.467504755,-0.63706684,3.3913885
246,246,0.62,-0.5,2,27.5,8.1,0.046,1.181,0.007187,71.0788,A,0,core,0.673072834,-1.014433186,2.71338939,0.204944328,2.239091147,0.204944328,9.010124
247,247,-0.4,-0.5,4,79,10.4,0.23,2.025,-0.01069,137.1411,H,0,surface,-0.503487041,-1.871770549,1.52802319,0.479935605,2.276042533,0.479935605,2.116546
248,248,-0.78,2,4,58.7,11.6,0.134,1.655,0.005392,114.1039,N,0,core,-0.07421328,-1.501952985,2.189675858,0.56222204,2.312678177,0.56222204,9.4110615
249,249,-0.85,0.2,4,80.7,10.5,0.18,1.932,0.049211,128.1307,Q,0,surface,0.143911468,-1.277306528,1.987580463,0.42340948,4.460697672,0.42340948,0.2485565
250,250,1.06,-1.8,2,93.5,4.9,0.186,1.931,0.051672,113.1594,L,0,core,-0.313114415,-1.383629379,1.357302286,0.605562818,2.058808886,0.605562818,3.750097
251,251,-0.74,3,4,62,12.3,0.151,1.862,0.006802,129.1155,E,0,surface,0.904801965,-1.273929272,2.049224213,-1.511756659,6.792896004,-1.511756659,0.774962
252,252,-0.4,-0.5,4,79,10.4,0.23,2.025,-0.01069,137.1411,H,0,surface,0.478608816,-0.577534124,1.804823517,0.3060257,3.122210956,0.3060257,0.410044
253,253,1.06,-1.8,2,93.5,4.9,0.186,1.931,0.051672,113.1594,L,0,core,-0.260052236,-1.786522611,1.023137935,-0.252777005,2.408571336,-0.252777005,3.662869
254,254,0.12,0,2,41.9,8,0.131,1.468,0.239531,97.1167,P,0,surface,0.394928326,-1.059851103,1.314802583,-0.657886254,3.475182552,-0.657886254,4.071602
255,255,-1.5,3,2,100,11.3,0.219,2.258,0.017708,128.1741,K,1.669261441,surface,0.843586767,-0.229736849,1.836030413,-0.137332079,2.834107719,-0.137332079,0.228704
256,256,-0.74,3,4,62,12.3,0.151,1.862,0.006802,129.1155,E,0,surface,0.250449392,-1.65625569,1.504578746,-0.688195412,3.214339632,-0.688195412,1.4125285
257,257,1.38,-1.8,2,93.5,5.2,0.186,1.81,0.021631,113.1594,I,0,core,-0.226826926,-1.949696514,1.90669201,0.506370611,2.123499719,0.506370611,3.1880985
258,258,0.48,0,2,0,9,0,0.881,0.179052,57.0519,G,0,core,1.175979751,-0.452144169,1.903311426,-1.039629725,4.005037495,-1.039629725,2.3288615
259,259,-0.78,2,4,58.7,11.6,0.134,1.655,0.005392,114.1039,N,3.605604713,surface,0.342909129,-0.984397099,1.451600812,-0.2023006,2.916806255,-0.2023006,0.4767065
260,260,0.29,-1,2,44.6,5.5,0.128,1.461,-0.03661,103.1388,C,0,core,0.285557427,-1.446532358,1.844840716,-0.52727047,3.038119764,-0.52727047,6.1262435
261,261,-0.05,-0.4,4,51.3,8.6,0.108,1.525,0.003352,101.1051,T,4.629418397,surface,0.35377348,-1.140564043,1.525526763,-0.22631827,1.903436645,-0.22631827,-0.4875255
262,262,-0.85,0.2,4,80.7,10.5,0.18,1.932,0.049211,128.1307,Q,1.290895515,surface,0.667591558,-0.4029657,2.008220734,0.346827539,1.971229373,0.346827539,0.5665985
263,263,1.38,-1.8,2,93.5,5.2,0.186,1.81,0.021631,113.1594,I,0,core,-0.54739108,-1.697086765,1.621743971,0.747442431,2.441210657,0.747442431,6.04308
264,264,-0.05,-0.4,4,51.3,8.6,0.108,1.525,0.003352,101.1051,T,1.825059176,surface,0.611346755,-0.772532539,1.831114519,-0.258841011,1.989488456,-0.258841011,0.435819
265,265,-0.78,2,4,58.7,11.6,0.134,1.655,0.005392,114.1039,N,1.891299709,surface,0.033878302,-1.427263516,2.111276137,0.147156139,2.375854642,0.147156139,-0.036924
266,266,1.06,-1.8,2,93.5,4.9,0.186,1.931,0.051672,113.1594,L,0,core,-1.089473328,-2.004753166,0.552150479,0.90483172,3.197060347,0.90483172,4.0169555
267,267,-0.9,3,4,40,13,0.105,1.587,-0.02382,115.0886,D,0,core,0.477963306,-1.969746495,2.679945227,-0.400407614,2.940178703,-0.400407614,2.0435195
268,268,1.06,-1.8,2,93.5,4.9,0.186,1.931,0.051672,113.1594,L,0,core,-0.585354922,-2.146736968,1.588266212,0.372216753,2.408202823,0.372216753,4.158842
269,269,-0.85,0.2,4,80.7,10.5,0.18,1.932,0.049211,128.1307,Q,0,surface,0.502480784,-1.261734782,2.93608559,0.331866787,2.140531094,0.331866787,3.118888
270,270,-0.4,-0.5,4,79,10.4,0.23,2.025,-0.01069,137.1411,H,0,surface,-0.122728533,-1.549258221,2.31036757,0.705480033,2.285701105,0.705480033,0.819334
271,271,-0.78,2,4,58.7,11.6,0.134,1.655,0.005392,114.1039,N,0,core,-0.851946563,-2.178211488,0.340417655,-0.333376294,2.311815926,-0.333376294,8.0604425
272,272,-0.74,3,4,62,12.3,0.151,1.862,0.006802,129.1155,E,1.595072044,surface,1.70430276,0.081167767,3.319943665,-0.073220827,3.648915267,-0.073220827,0.6090665
273,273,1.06,-1.8,2,93.5,4.9,0.186,1.931,0.051672,113.1594,L,0,core,-0.683430521,-2.461986084,1.378518735,0.24680046,3.655863678,0.24680046,3.7576525
274,274,1.06,-1.8,2,93.5,4.9,0.186,1.931,0.051672,113.1594,L,0,surface,0.871545514,-0.457714136,1.991541218,-0.010411564,2.956464333,-0.010411564,1.0415785
275,275,-0.9,3,4,40,13,0.105,1.587,-0.02382,115.0886,D,0,surface,0.811960485,-1.768077058,1.92816312,-1.218547686,5.230518724,-1.218547686,0.7110765
276,276,1.06,-1.8,2,93.5,4.9,0.186,1.931,0.051672,113.1594,L,0,core,-0.572540802,-2.197670857,1.031452857,-0.031805541,1.709592738,-0.031805541,4.2892225
277,277,0.12,0,2,41.9,8,0.131,1.468,0.239531,97.1167,P,0,surface,0.401923534,-0.884909149,1.667948415,-0.022927531,2.053175755,-0.022927531,4.2025695
278,278,-0.9,3,4,40,13,0.105,1.587,-0.02382,115.0886,D,5.10423054,surface,0.282356043,-1.504545691,1.480097913,-0.586621608,3.322451749,-0.586621608,0.315546
279,279,-0.05,-0.4,4,51.3,8.6,0.108,1.525,0.003352,101.1051,T,1.412778096,surface,0.686511666,-0.810700092,1.484819077,-0.897296713,3.202810504,-0.897296713,-0.243103
280,280,1.38,-1.8,2,93.5,5.2,0.186,1.81,0.021631,113.1594,I,0,core,-0.67273101,-2.763836692,0.5703054,-0.890948205,3.138144758,-0.890948205,3.3504855
281,281,0.48,0,2,0,9,0,0.881,0.179052,57.0519,G,2.334251772,core,0.187429691,-1.377936442,1.822513256,-0.117174165,2.830917852,-0.117174165,5.385846
282,282,-0.78,2,4,58.7,11.6,0.134,1.655,0.005392,114.1039,N,0,surface,0.149999625,-1.03573684,1.194279724,-0.315308387,2.27052982,-0.315308387,0.375732
283,283,1.06,-1.8,2,93.5,4.9,0.186,1.931,0.051672,113.1594,L,0,core,-0.487343973,-1.45511535,0.862780269,0.464330149,2.162967131,0.464330149,4.0903435
284,284,-0.18,0.3,4,29.3,9.2,0.062,1.298,0.004627,87.0782,S,3.314637516,surface,0.276582301,-0.704634753,1.330310362,-0.106981097,1.957569535,-0.106981097,-0.237113
285,285,-0.18,0.3,4,29.3,9.2,0.062,1.298,0.004627,87.0782,S,0,surface,0.547007012,-0.531766997,1.961181632,0.670711689,3.476963381,0.670711689,0.0305735
286,286,1.06,-1.8,2,93.5,4.9,0.186,1.931,0.051672,113.1594,L,0.887015673,core,-0.921387844,-2.18756052,0.714853329,0.242883144,1.599649973,0.242883144,5.0265665
287,287,-0.18,0.3,4,29.3,9.2,0.062,1.298,0.004627,87.0782,S,7.002755315,surface,0.288944128,-0.761219581,1.67700076,0.180951403,2.244634743,0.180951403,0.152528
288,288,-2.53,3,4,105,10.5,0.18,1.932,0.049211,156.1875,R,2.030799041,surface,-1.433885383,-2.33849346,0.275919049,0.885192389,2.803621457,0.885192389,0.5252975
289,289,1.06,-1.8,2,93.5,4.9,0.186,1.931,0.051672,113.1594,L,0,core,-0.280967744,-2.159415129,2.031158981,0.229471305,1.990734731,0.229471305,3.1323945
290,290,0.48,0,2,0,9,0,0.881,0.179052,57.0519,G,0,core,-0.63766386,-3.937363523,3.032091088,0.387097786,4.609614264,0.387097786,4.9360035
291,291,1.06,-1.8,2,93.5,4.9,0.186,1.931,0.051672,113.1594,L,0,core,-0.239064622,-2.435693695,2.245314852,0.330944714,2.021844952,0.330944714,4.0521925
292,292,-2.53,3,4,105,10.5,0.18,1.932,0.049211,156.1875,R,0,surface,-0.630921781,-2.330907021,2.311962388,0.822679931,3.630335366,0.822679931,2.503723
293,293,0.26,-2.3,3,117.3,6.2,0.298,2.368,0.023599,163.176,Y,0,surface,-1.177317066,-1.91995304,0.457700864,1.157412627,4.129531265,1.157412627,2.146334
294,294,-0.78,2,4,58.7,11.6,0.134,1.655,0.005392,114.1039,N,0,core,-0.953961899,-1.974837877,0.275919049,0.260516022,2.501915332,0.260516022,11.1866145
295,295,-2.53,3,4,105,10.5,0.18,1.932,0.049211,156.1875,R,0,surface,-0.15157765,-1.224622382,1.063532601,0.310275343,2.49022692,0.310275343,1.323769
296,296,1.06,-1.8,2,93.5,4.9,0.186,1.931,0.051672,113.1594,L,0,core,-0.611036857,-2.339344858,1.158028965,0.26880515,2.253862813,0.26880515,3.834257
297,297,-0.18,0.3,4,29.3,9.2,0.062,1.298,0.004627,87.0782,S,0,surface,0.320832939,-1.50402218,1.256196314,-1.030697484,3.512633051,-1.030697484,-0.1551155
298,298,0.62,-0.5,2,27.5,8.1,0.046,1.181,0.007187,71.0788,A,0,surface,0.685805763,-0.811884202,1.773723848,-0.027872664,1.964627912,-0.027872664,-0.215554
299,299,1.38,-1.8,2,93.5,5.2,0.186,1.81,0.021631,113.1594,I,0.81698812,core,-0.536699477,-2.451500047,1.735538425,0.390576908,3.337209743,0.390576908,4.4211685
300,300,0.12,0,2,41.9,8,0.131,1.468,0.239531,97.1167,P,0,surface,0.127779688,-1.293333737,1.868818132,0.234046016,3.561041177,0.234046016,4.215431
301,301,-2.53,3,4,105,10.5,0.18,1.932,0.049211,156.1875,R,4.551790955,surface,0.901301566,-0.154333136,1.621447757,-0.378895562,2.083671481,-0.378895562,-0.425492
302,302,-0.18,0.3,4,29.3,9.2,0.062,1.298,0.004627,87.0782,S,0,surface,0.435232496,-1.059465723,2.017990484,0.14028644,2.495489253,0.14028644,0.2561605
303,303,1.06,-1.8,2,93.5,4.9,0.186,1.931,0.051672,113.1594,L,0,core,-0.695008899,-2.558293664,1.067224892,-0.139246416,1.69125064,-0.139246416,3.793493
304,304,0.62,-0.5,2,27.5,8.1,0.046,1.181,0.007187,71.0788,A,1.657318758,surface,0.441391337,-0.781982734,1.844440719,0.323238715,2.207388678,0.323238715,0.6599375
305,305,-1.5,3,2,100,11.3,0.219,2.258,0.017708,128.1741,K,1.890743935,surface,0.819630247,0.004046406,1.941143599,0.529442221,2.208139659,0.529442221,0.5083705
306,306,0.29,-1,2,44.6,5.5,0.128,1.461,-0.03661,103.1388,C,0,core,-0.324501427,-1.665729431,1.948365676,0.616977565,4.178986203,0.616977565,6.696811
307,307,-0.18,0.3,4,29.3,9.2,0.062,1.298,0.004627,87.0782,S,1.914086453,surface,0.278691723,-0.614992049,1.288977929,0.05762887,2.30631353,0.05762887,0.220643
308,308,0.62,-0.5,2,27.5,8.1,0.046,1.181,0.007187,71.0788,A,3.641432764,surface,0.174770114,-1.270519801,1.445710995,-0.167202477,2.556096883,-0.167202477,0.0476885
309,309,1.06,-1.8,2,93.5,4.9,0.186,1.931,0.051672,113.1594,L,0,core,-0.744659365,-1.950486002,1.643133098,1.050576011,3.258387291,1.050576011,3.4153535
310,310,-0.74,3,4,62,12.3,0.151,1.862,0.006802,129.1155,E,3.431350104,surface,0.229513962,-0.956428144,1.491345983,0.06182078,2.020272649,0.06182078,-0.005137
311,311,-0.74,3,4,62,12.3,0.151,1.862,0.006802,129.1155,E,0,surface,-0.119487979,-1.57056458,1.723228907,0.16243166,2.671047332,0.16243166,-0.284832
312,312,1.06,-1.8,2,93.5,4.9,0.186,1.931,0.051672,113.1594,L,0,core,-0.541182635,-2.15302889,1.029341581,-0.130872679,1.973551842,-0.130872679,3.290141
313,313,-0.78,2,4,58.7,11.6,0.134,1.655,0.005392,114.1039,N,0,surface,-0.784401791,-2.057137538,1.08948273,0.357482637,2.736909287,0.357482637,0.520181
314,314,1.06,-1.8,2,93.5,4.9,0.186,1.931,0.051672,113.1594,L,0,core,-0.630102078,-1.779746363,0.975178103,0.238371392,1.687934825,0.238371392,4.1395515
315,315,-0.74,3,4,62,12.3,0.151,1.862,0.006802,129.1155,E,0,surface,-0.631775629,-2.979789523,1.542958067,0.099498612,3.11815555,0.099498612,1.318506
316,316,-0.78,2,4,58.7,11.6,0.134,1.655,0.005392,114.1039,N,0,surface,-1.069797004,-2.433633722,0.357377797,0.246751193,2.384296052,0.246751193,2.9216015
317,317,-0.78,2,4,58.7,11.6,0.134,1.655,0.005392,114.1039,N,0,surface,-0.641747849,-1.738829926,1.193550924,0.46843864,2.895949009,0.46843864,7.658971
318,318,-0.78,2,4,58.7,11.6,0.134,1.655,0.005392,114.1039,N,2.170854148,surface,0.693938021,-0.80798165,1.824521262,-0.304304996,2.5469254,-0.304304996,0.3402945
319,319,1.38,-1.8,2,93.5,5.2,0.186,1.81,0.021631,113.1594,I,0,core,-0.558416091,-2.333447673,1.495316845,0.173410834,2.481146924,0.173410834,5.2556275
320,320,-0.18,0.3,4,29.3,9.2,0.062,1.298,0.004627,87.0782,S,0,surface,0.170512992,-0.672712476,0.992464707,0.105980146,2.002759088,0.105980146,-0.092016
321,321,-0.05,-0.4,4,51.3,8.6,0.108,1.525,0.003352,101.1051,T,4.925271238,surface,0.298455683,-1.78494311,1.627576859,-0.533742549,3.083873888,-0.533742549,-0.0119605
322,322,1.06,-1.8,2,93.5,4.9,0.186,1.931,0.051672,113.1594,L,0,core,-0.74576087,-2.82237935,0.8870755,-0.388407729,2.65024123,-0.388407729,3.3202145
323,323,0.12,0,2,41.9,8,0.131,1.468,0.239531,97.1167,P,0,surface,-0.545835115,-2.021775715,1.551284912,0.570221833,2.70987349,0.570221833,3.7553195
324,324,-0.74,3,4,62,12.3,0.151,1.862,0.006802,129.1155,E,0,surface,0.676953305,-0.123215445,1.421273574,0.109482388,2.498567086,0.109482388,0.472612
325,325,-0.18,0.3,4,29.3,9.2,0.062,1.298,0.004627,87.0782,S,3.486371753,surface,0.343410825,-1.131254236,1.762563221,0.090167307,2.764990527,0.090167307,-0.1980495
326,326,1.06,-1.8,2,93.5,4.9,0.186,1.931,0.051672,113.1594,L,0,core,-0.791109366,-2.179423535,0.790591484,0.212327152,2.193326231,0.212327152,3.474616
327,327,1.06,-1.8,2,93.5,4.9,0.186,1.931,0.051672,113.1594,L,2.278674348,core,-0.589892491,-2.000017208,0.751993578,-0.19122913,2.585626349,-0.19122913,2.5345585
328,328,-0.18,0.3,4,29.3,9.2,0.062,1.298,0.004627,87.0782,S,1.709005761,surface,0.530155047,-0.206281058,2.254210314,1.193292115,3.914762787,1.193292115,-0.109963
329,329,-0.18,0.3,4,29.3,9.2,0.062,1.298,0.004627,87.0782,S,0,surface,-0.161173946,-1.22813455,0.821910431,-0.176046069,2.232302315,-0.176046069,0.506564
330,330,1.06,-1.8,2,93.5,4.9,0.186,1.931,0.051672,113.1594,L,0,core,-0.560969381,-2.373329808,1.615424921,0.200429961,2.883594224,0.200429961,3.1176535
331,331,1.08,-1.5,2,71.5,5.9,0.14,1.645,0.057004,99.1326,V,1.184910661,surface,0.436895205,-0.272907831,1.636111701,0.525909296,1.994954129,0.525909296,-0.345869
332,332,-1.5,3,2,100,11.3,0.219,2.258,0.017708,128.1741,K,9.502072033,surface,-0.056029792,-1.305253163,1.384230843,0.070368713,2.003841835,0.070368713,0.5695745
333,333,1.06,-1.8,2,93.5,4.9,0.186,1.931,0.051672,113.1594,L,1.686219018,core,-0.798147149,-1.802714,0.457700864,0.36533758,2.415803563,0.36533758,5.4192805
334,334,-0.78,2,4,58.7,11.6,0.134,1.655,0.005392,114.1039,N,3.782599418,surface,-0.142258265,-1.452027099,0.762644189,-0.417525038,2.477933733,-0.417525038,-0.055904
335,335,-0.18,0.3,4,29.3,9.2,0.062,1.298,0.004627,87.0782,S,0,surface,0.156422197,-1.004398502,2.122645125,0.823658485,3.006641411,0.823658485,0.302022
336,336,1.06,-1.8,2,93.5,4.9,0.186,1.931,0.051672,113.1594,L,0,core,-0.365957356,-1.901949217,1.505094428,0.306238925,2.649652,0.306238925,3.857528
337,337,-0.05,-0.4,4,51.3,8.6,0.108,1.525,0.003352,101.1051,T,0,core,-0.342210919,-2.221618171,0.976919904,-0.405007853,2.21364613,-0.405007853,-0.2144785
338,338,1.06,-1.8,2,93.5,4.9,0.186,1.931,0.051672,113.1594,L,0,core,-0.981160361,-1.900845324,0.536056934,0.864671129,2.564031591,0.864671129,3.851315
339,339,0.62,-0.5,2,27.5,8.1,0.046,1.181,0.007187,71.0788,A,0,core,-0.990359786,-2.045729137,0.898078393,0.686317825,2.544423852,0.686317825,4.118496
340,340,-2.53,3,4,105,10.5,0.18,1.932,0.049211,156.1875,R,0,surface,-0.797264952,-1.996339126,0.275919049,-0.097304389,2.174604657,-0.097304389,2.168761
341,341,-0.78,2,4,58.7,11.6,0.134,1.655,0.005392,114.1039,N,0,core,-0.82053991,-1.819338065,0.576636507,0.486458371,1.889960277,0.486458371,6.9123425
342,342,0.29,-1,2,44.6,5.5,0.128,1.461,-0.03661,103.1388,C,0,surface,0.425688377,-0.735802442,2.250390729,0.719811445,3.05139839,0.719811445,0.3860045
343,343,1.19,-2.5,2,115.5,5.2,0.29,2.228,0.037552,147.1766,F,0,core,-0.86084578,-2.101101861,0.530885033,0.318397374,2.321354379,0.318397374,3.617239
344,344,-0.85,0.2,4,80.7,10.5,0.18,1.932,0.049211,128.1307,Q,0,surface,0.206791109,-1.103071811,1.496451792,0.209873566,2.318090176,0.209873566,0.393856
345,345,1.06,-1.8,2,93.5,4.9,0.186,1.931,0.051672,113.1594,L,1.845726222,surface,0.54306713,-1.699976328,1.479708044,-1.737553101,7.229080095,-1.737553101,0.4018455
346,346,0.26,-2.3,3,117.3,6.2,0.298,2.368,0.023599,163.176,Y,0,core,-0.386262465,-2.038924716,0.687022078,-0.75817978,2.756407589,-0.75817978,3.7244225
347,347,0.12,0,2,41.9,8,0.131,1.468,0.239531,97.1167,P,0,core,-0.592370723,-1.943231199,0.573345617,0.009289954,1.87337915,0.009289954,3.937843
348,348,1.08,-1.5,2,71.5,5.9,0.14,1.645,0.057004,99.1326,V,4.010466853,surface,0.736761155,-0.516759823,1.948965594,0.124803153,2.080724387,0.124803153,-0.1563355
349,349,0.48,0,2,0,9,0,0.881,0.179052,57.0519,G,0,surface,-0.03189246,-1.31162755,0.524010716,-0.969355458,3.631603935,-0.969355458,3.791298
350,350,0.48,0,2,0,9,0,0.881,0.179052,57.0519,G,0,surface,0.366230083,-1.299633382,1.508869754,-0.559862106,3.731627998,-0.559862106,0.0350615
351,351,0.12,0,2,41.9,8,0.131,1.468,0.239531,97.1167,P,0,surface,-0.152594969,-1.235662838,1.464740722,0.78860739,4.681311975,0.78860739,0.407838
352,352,-0.18,0.3,4,29.3,9.2,0.062,1.298,0.004627,87.0782,S,0,surface,0.418095338,-0.719864295,1.541973562,-0.049942782,2.12799256,-0.049942782,-0.300403
353,353,-0.85,0.2,4,80.7,10.5,0.18,1.932,0.049211,128.1307,Q,0,core,0.252441457,-1.364932987,1.559442172,-0.432301361,2.577188289,-0.432301361,0.2418745
354,354,1.19,-2.5,2,115.5,5.2,0.29,2.228,0.037552,147.1766,F,0,core,-0.414147065,-1.536460151,0.705592252,-0.039528141,2.126641988,-0.039528141,3.6913605
355,355,-0.18,0.3,4,29.3,9.2,0.062,1.298,0.004627,87.0782,S,0,surface,0.484617506,-1.267662424,1.6152401,-0.754935044,4.172702305,-0.754935044,2.302597
356,356,-0.05,-0.4,4,51.3,8.6,0.108,1.525,0.003352,101.1051,T,0,surface,0.285339533,-0.876731692,2.114553937,0.57945862,2.569426953,0.57945862,0.2540845
357,357,1.38,-1.8,2,93.5,5.2,0.186,1.81,0.021631,113.1594,I,0,core,-0.357896199,-1.347898416,1.851926738,1.099326333,3.958834687,1.099326333,3.9130795
358,358,0.26,-2.3,3,117.3,6.2,0.298,2.368,0.023599,163.176,Y,0,surface,0.630999253,-0.783453789,1.985573797,-0.247735823,3.095752626,-0.247735823,1.474564
359,359,-0.18,0.3,4,29.3,9.2,0.062,1.298,0.004627,87.0782,S,2.574902014,surface,0.365337367,-1.0925308,1.879176168,-0.156863915,2.126063385,-0.156863915,0.009737
360,360,1.06,-1.8,2,93.5,4.9,0.186,1.931,0.051672,113.1594,L,0,core,-0.399830767,-1.423684615,1.061461298,0.261244336,2.373367618,0.261244336,4.1554575
361,361,-0.78,2,4,58.7,11.6,0.134,1.655,0.005392,114.1039,N,0,surface,-0.566214843,-1.714943558,0.789688574,0.269002306,2.374629529,0.269002306,0.681966
362,362,0.64,-1.3,2,94.1,5.7,0.221,2.034,0.002683,131.1986,M,0.06836023,core,-0.007071397,-1.603344484,1.539062662,-0.163523441,2.047349344,-0.163523441,4.020832
363,363,-0.74,3,4,62,12.3,0.151,1.862,0.006802,129.1155,E,0,surface,-0.200342602,-1.323417275,0.876848553,0.00763498,1.872038763,0.00763498,1.6220755
364,364,-0.4,-0.5,4,79,10.4,0.23,2.025,-0.01069,137.1411,H,0,surface,0.364584789,-1.337895048,2.962585485,0.517400013,2.37391653,0.517400013,1.771713
365,365,-0.78,2,4,58.7,11.6,0.134,1.655,0.005392,114.1039,N,0,core,-0.737838503,-2.200311646,0.457700864,-0.290778704,2.425532174,-0.290778704,7.6137095
366,366,-2.53,3,4,105,10.5,0.18,1.932,0.049211,156.1875,R,2.233100861,surface,0.567390897,-4.04751875,2.122645195,-1.891113084,7.131213301,-1.891113084,0.4498805
367,367,1.38,-1.8,2,93.5,5.2,0.186,1.81,0.021631,113.1594,I,0,core,-0.877016557,-2.197844709,1.107319411,0.363793264,2.30344148,0.363793264,4.760702
368,368,-0.78,2,4,58.7,11.6,0.134,1.655,0.005392,114.1039,N,1.777365992,surface,0.24047986,-2.770725565,1.36399113,-1.416288475,5.608377871,-1.416288475,-0.347591
369,369,-1.5,3,2,100,11.3,0.219,2.258,0.017708,128.1741,K,0,surface,1.185872986,-0.251674228,5.350162648,1.610022735,5.277424543,1.610022735,0.230546
370,370,1.38,-1.8,2,93.5,5.2,0.186,1.81,0.021631,113.1594,I,0,core,-0.755522679,-2.050211659,0.742173159,0.447984148,3.156845797,0.447984148,4.106885
371,371,0.12,0,2,41.9,8,0.131,1.468,0.239531,97.1167,P,0,surface,-1.113551176,-2.358293297,0.457700864,0.473251573,2.59814111,0.473251573,2.357578
372,372,1.19,-2.5,2,115.5,5.2,0.29,2.228,0.037552,147.1766,F,0,surface,-0.260339125,-1.405738885,2.003800024,1.281001647,5.141451566,1.281001647,0.3643185
373,373,0.48,0,2,0,9,0,0.881,0.179052,57.0519,G,0,core,-0.268085305,-1.499333708,1.300481859,0.427184838,2.317653606,0.427184838,2.959565
374,374,1.38,-1.8,2,93.5,5.2,0.186,1.81,0.021631,113.1594,I,0,core,-0.157648966,-1.327842431,1.010303672,0.251850182,2.555135318,0.251850182,3.358031
375,375,1.19,-2.5,2,115.5,5.2,0.29,2.228,0.037552,147.1766,F,0,core,-0.507469023,-1.600284043,0.824663114,0.134145642,2.068270668,0.134145642,4.6273965
376,376,-0.18,0.3,4,29.3,9.2,0.062,1.298,0.004627,87.0782,S,0,surface,-0.16353938,-1.122990773,1.02819676,0.404133234,2.442556374,0.404133234,0.4894635
377,377,-2.53,3,4,105,10.5,0.18,1.932,0.049211,156.1875,R,0,surface,NA,NA,NA,NA,NA,NA,0.599339
378,378,0.62,-0.5,2,27.5,8.1,0.046,1.181,0.007187,71.0788,A,0,core,NA,NA,NA,NA,NA,NA,9.139029
379,379,-1.5,3,2,100,11.3,0.219,2.258,0.017708,128.1741,K,0,surface,1.030046574,0.237765853,2.231000768,0.337694983,2.660324524,0.337694983,0.5475915
380,380,1.08,-1.5,2,71.5,5.9,0.14,1.645,0.057004,99.1326,V,0,surface,0.489828195,-0.627359134,2.401248762,0.570132226,2.844511731,0.570132226,-0.0116285
381,381,1.06,-1.8,2,93.5,4.9,0.186,1.931,0.051672,113.1594,L,0,core,-0.177995083,-1.723205832,1.817560683,0.433261931,3.33363,0.433261931,4.962098
382,382,-0.18,0.3,4,29.3,9.2,0.062,1.298,0.004627,87.0782,S,0,surface,0.580818795,-1.182517459,2.896100789,0.233569006,3.233676488,0.233569006,0.0208655
383,383,-1.5,3,2,100,11.3,0.219,2.258,0.017708,128.1741,K,0,surface,0.84862108,-1.378855947,2.329053442,-0.4095912,3.834506813,-0.4095912,0.984098
384,384,1.06,-1.8,2,93.5,4.9,0.186,1.931,0.051672,113.1594,L,0,core,-0.380791225,-1.966215132,1.22324334,0.23233222,2.673981559,0.23233222,4.721445
385,385,-0.78,2,4,58.7,11.6,0.134,1.655,0.005392,114.1039,N,0,surface,-0.202347394,-1.785149555,1.137199169,-0.072215895,2.298425614,-0.072215895,1.1531565
386,386,0.64,-1.3,2,94.1,5.7,0.221,2.034,0.002683,131.1986,M,2.278674348,core,-0.737719807,-1.536268714,0.275919049,0.353472676,2.118308597,0.353472676,4.3133165
387,387,-1.5,3,2,100,11.3,0.219,2.258,0.017708,128.1741,K,4.215547545,surface,1.149455852,-1.110548715,2.590525697,-0.629651671,2.298045574,-0.629651671,1.7069365
388,388,-0.9,3,4,40,13,0.105,1.587,-0.02382,115.0886,D,0,surface,-0.571307886,-1.649981313,0.82481643,0.31651208,2.206977058,0.31651208,1.8358095
389,389,-0.78,2,4,58.7,11.6,0.134,1.655,0.005392,114.1039,N,0,core,-0.914601865,-1.71051166,0.457700864,0.733753142,2.702799674,0.733753142,8.4496175
390,390,-0.85,0.2,4,80.7,10.5,0.18,1.932,0.049211,128.1307,Q,0,surface,0.511883756,-1.39370761,1.83533621,-0.55362217,2.829218284,-0.55362217,0.6673335
391,391,1.06,-1.8,2,93.5,4.9,0.186,1.931,0.051672,113.1594,L,0,core,-0.64762117,-1.963586913,0.62231923,0.017427147,1.767837922,0.017427147,4.343453
392,392,-0.05,-0.4,4,51.3,8.6,0.108,1.525,0.003352,101.1051,T,0,surface,0.728323277,-0.51886643,1.607388403,-0.714971031,2.967067052,-0.714971031,-0.302462
393,393,-0.18,0.3,4,29.3,9.2,0.062,1.298,0.004627,87.0782,S,2.225681922,surface,0.979148798,-0.871995705,3.384074701,0.70276208,3.572183864,0.70276208,0.735731
394,394,1.06,-1.8,2,93.5,4.9,0.186,1.931,0.051672,113.1594,L,0,core,-0.672449874,-2.103641308,0.406248398,-0.212912987,1.808702242,-0.212912987,3.4465225
395,395,0.12,0,2,41.9,8,0.131,1.468,0.239531,97.1167,P,0,core,-1.346830488,-2.262821571,0.457700864,1.152550641,4.824519717,1.152550641,8.430931
396,396,1.06,-1.8,2,93.5,4.9,0.186,1.931,0.051672,113.1594,L,0,surface,0.00446994,-1.318171906,1.12263665,-0.463397834,2.339875847,-0.463397834,0.2887155
397,397,-0.9,3,4,40,13,0.105,1.587,-0.02382,115.0886,D,0,core,-1.122076862,-2.681335925,0.457700864,-0.259851683,2.82315977,-0.259851683,-0.085277
398,398,1.19,-2.5,2,115.5,5.2,0.29,2.228,0.037552,147.1766,F,1.71377508,core,-0.250896282,-1.329004184,1.137345649,0.299006669,1.624787981,0.299006669,4.2966435
399,399,0.48,0,2,0,9,0,0.881,0.179052,57.0519,G,0,surface,-0.172099307,-1.442539292,0.812382494,-0.39788659,1.869148294,-0.39788659,3.2398305
400,400,-0.05,-0.4,4,51.3,8.6,0.108,1.525,0.003352,101.1051,T,0,surface,-0.120641608,-1.354945341,0.916467635,-0.343825972,2.854514572,-0.343825972,-0.0047965
401,401,0.81,-3.4,3,145.5,5.4,0.409,2.663,0.037977,186.2132,W,0,core,-0.381853342,-2.111136156,0.904710634,-0.297907337,2.719827118,-0.297907337,4.51222
402,402,-0.05,-0.4,4,51.3,8.6,0.108,1.525,0.003352,101.1051,T,0,surface,0.512523628,-0.739238361,2.052614284,0.29487269,2.919192581,0.29487269,-0.424742
403,403,-0.18,0.3,4,29.3,9.2,0.062,1.298,0.004627,87.0782,S,0,surface,0.470473,-1.398101554,2.146958134,-0.063246578,3.158500334,-0.063246578,0.6270075
404,404,0.64,-1.3,2,94.1,5.7,0.221,2.034,0.002683,131.1986,M,0,core,-0.23799556,-1.996238527,1.620845182,-0.132608902,2.353203007,-0.132608902,4.358776
405,405,1.08,-1.5,2,71.5,5.9,0.14,1.645,0.057004,99.1326,V,0,surface,0.165556597,-1.104642778,1.309490276,-0.157322101,2.673317563,-0.157322101,0.9592745
406,406,-0.74,3,4,62,12.3,0.151,1.862,0.006802,129.1155,E,0,surface,-0.543491094,-1.583478413,0.837448968,0.414358385,2.127875917,0.414358385,-0.240487
407,407,1.06,-1.8,2,93.5,4.9,0.186,1.931,0.051672,113.1594,L,0,core,-0.016333872,-1.648436524,2.104611301,0.580686601,2.942182325,0.580686601,4.3348565
408,408,-0.78,2,4,58.7,11.6,0.134,1.655,0.005392,114.1039,N,0,surface,0.058428499,-1.243501822,1.309750436,-0.153529724,3.0938986,-0.153529724,1.3983395
409,409,1.06,-1.8,2,93.5,4.9,0.186,1.931,0.051672,113.1594,L,0,core,-0.548292716,-1.916504506,0.599124626,-0.093062134,1.745813037,-0.093062134,3.568725
410,410,0.62,-0.5,2,27.5,8.1,0.046,1.181,0.007187,71.0788,A,0,core,0.110226231,-1.952881801,2.691344422,0.355614474,2.31815333,0.355614474,2.699603
411,411,-0.05,-0.4,4,51.3,8.6,0.108,1.525,0.003352,101.1051,T,0,surface,1.846106444,-1.24666157,4.016333827,-0.93092402,2.80631756,-0.93092402,-1.8949615
412,412,-0.78,2,4,58.7,11.6,0.134,1.655,0.005392,114.1039,N,0,core,-0.923021626,-1.804984463,0.615777567,1.021459071,3.869170731,1.021459071,6.9079485
413,413,-0.85,0.2,4,80.7,10.5,0.18,1.932,0.049211,128.1307,Q,0,surface,0.605704947,-1.243676331,2.347982644,-0.190823022,1.692283566,-0.190823022,0.700045
414,414,1.06,-1.8,2,93.5,4.9,0.186,1.931,0.051672,113.1594,L,1.535720526,core,-0.848473647,-2.345575052,1.496192967,0.887206112,3.037821989,0.887206112,3.384219
415,415,-0.05,-0.4,4,51.3,8.6,0.108,1.525,0.003352,101.1051,T,6.588018488,surface,1.028890201,-0.039889983,2.259943175,0.427817292,3.000043356,0.427817292,-0.300595
416,416,-1.5,3,2,100,11.3,0.219,2.258,0.017708,128.1741,K,0,surface,0.655232037,-1.069948585,2.205336873,-0.238193812,2.590356719,-0.238193812,0.342823
417,417,1.38,-1.8,2,93.5,5.2,0.186,1.81,0.021631,113.1594,I,0.778988673,core,-0.512272834,-1.706047133,0.787708516,0.299082135,2.235782325,0.299082135,2.392545
418,418,0.12,0,2,41.9,8,0.131,1.468,0.239531,97.1167,P,2.025370549,surface,0.11613912,-1.789317788,1.120209937,-0.776136707,3.568997566,-0.776136707,2.739804
419,419,-0.74,3,4,62,12.3,0.151,1.862,0.006802,129.1155,E,0,surface,-0.198937084,-1.691666176,0.852740487,-0.502067484,2.215444628,-0.502067484,0.4125105
420,420,-0.9,3,4,40,13,0.105,1.587,-0.02382,115.0886,D,0,surface,-0.295933834,-1.371713187,0.913598433,0.353458672,2.041661008,0.353458672,-0.1366345
421,421,1.08,-1.5,2,71.5,5.9,0.14,1.645,0.057004,99.1326,V,0.868015949,core,-0.494556588,-2.015224148,1.032139497,-0.054535076,2.202451378,-0.054535076,2.2903655
422,422,-0.18,0.3,4,29.3,9.2,0.062,1.298,0.004627,87.0782,S,2.047627368,surface,0.206373522,-1.076922779,1.097544903,-0.710839867,3.835328691,-0.710839867,-0.126365
423,423,0.48,0,2,0,9,0,0.881,0.179052,57.0519,G,0,surface,0.215878295,-1.406088098,2.218486939,0.467550053,3.209030492,0.467550053,4.350896
424,424,1.06,-1.8,2,93.5,4.9,0.186,1.931,0.051672,113.1594,L,0,core,-0.349796427,-1.70654364,0.83256592,-0.197425349,2.208623094,-0.197425349,5.544602
425,425,1.08,-1.5,2,71.5,5.9,0.14,1.645,0.057004,99.1326,V,3.605604713,surface,0.218995651,-1.306037695,1.35339275,-0.037554578,2.8571471,-0.037554578,-0.082748
426,426,-0.18,0.3,4,29.3,9.2,0.062,1.298,0.004627,87.0782,S,0,surface,0.347037279,-0.629933058,1.600757025,0.213842593,3.063634988,0.213842593,0.036149
427,427,1.06,-1.8,2,93.5,4.9,0.186,1.931,0.051672,113.1594,L,1.535720526,core,-0.32530857,-1.505768111,1.101854783,0.022276647,2.161775572,0.022276647,5.18264
428,428,-0.74,3,4,62,12.3,0.151,1.862,0.006802,129.1155,E,0,surface,0.808643419,-1.024444174,2.106110297,-0.619243251,3.388591691,-0.619243251,0.4574435
429,429,1.08,-1.5,2,71.5,5.9,0.14,1.645,0.057004,99.1326,V,0,core,0.162871409,-0.964842606,1.166275058,-0.358602792,3.247929462,-0.358602792,1.3480485
430,430,1.06,-1.8,2,93.5,4.9,0.186,1.931,0.051672,113.1594,L,0,core,-0.212257402,-1.688450039,2.114291069,0.430123866,2.634422429,0.430123866,2.756313
431,431,1.38,-1.8,2,93.5,5.2,0.186,1.81,0.021631,113.1594,I,0,surface,0.688148493,-1.135076381,1.97728353,-0.619217645,3.072807653,-0.619217645,1.726129
432,432,1.06,-1.8,2,93.5,4.9,0.186,1.931,0.051672,113.1594,L,0,core,-0.565856202,-2.652583134,1.03063705,-0.402698818,2.320208962,-0.402698818,3.006041
433,433,-0.18,0.3,4,29.3,9.2,0.062,1.298,0.004627,87.0782,S,0,surface,0.153845121,-1.976827072,2.963074019,0.572931707,4.394863216,0.572931707,1.227615
434,434,-0.78,2,4,58.7,11.6,0.134,1.655,0.005392,114.1039,N,0,surface,1.330817845,-1.940708567,4.385205596,-0.187771218,3.784200655,-0.187771218,1.197557
435,435,-0.78,2,4,58.7,11.6,0.134,1.655,0.005392,114.1039,N,0,core,-0.847752177,-1.939858635,0.603719389,0.473466116,2.003736202,0.473466116,7.4355175
436,436,1.06,-1.8,2,93.5,4.9,0.186,1.931,0.051672,113.1594,L,1.609572699,surface,0.636638393,-0.495009445,1.59800971,-0.00580093,2.931593137,-0.00580093,0.905853
437,437,1.06,-1.8,2,93.5,4.9,0.186,1.931,0.051672,113.1594,L,0,core,0.042729837,-0.892693313,1.389033213,0.456057536,2.264857988,0.456057536,3.607542
438,438,-1.5,3,2,100,11.3,0.219,2.258,0.017708,128.1741,K,1.326809927,surface,0.7965219,0.242536066,2.483973754,1.819351457,6.976580834,1.819351457,0.3761555
439,439,-1.5,3,2,100,11.3,0.219,2.258,0.017708,128.1741,K,3.088639503,surface,0.515964755,-0.307443749,1.857537995,0.711826768,3.76307674,0.711826768,-0.007543
440,440,1.06,-1.8,2,93.5,4.9,0.186,1.931,0.051672,113.1594,L,0,core,-0.637115014,-1.696588098,0.457700864,0.104475758,2.656645168,0.104475758,3.5777505
441,441,0.12,0,2,41.9,8,0.131,1.468,0.239531,97.1167,P,0,core,-0.488315882,-1.863302668,0.982134149,0.198758416,2.367824946,0.198758416,6.09332
442,442,-0.4,-0.5,4,79,10.4,0.23,2.025,-0.01069,137.1411,H,0,surface,0.628951475,-0.422802129,2.071368698,0.435404593,2.16630123,0.435404593,-0.042881
443,443,0.48,0,2,0,9,0,0.881,0.179052,57.0519,G,0,surface,0.134039357,-2.107111657,1.440761209,-1.323540021,4.655762452,-1.323540021,4.053023
444,444,1.06,-1.8,2,93.5,4.9,0.186,1.931,0.051672,113.1594,L,0.826537332,core,-0.218968891,-1.738258216,1.265512695,-0.164140779,2.261852502,-0.164140779,2.8861295
445,445,0.48,0,2,0,9,0,0.881,0.179052,57.0519,G,0,core,0.409802516,-0.342124184,1.120387053,0.100872313,2.223075288,0.100872313,3.8068085
446,446,-0.78,2,4,58.7,11.6,0.134,1.655,0.005392,114.1039,N,1.696576629,surface,0.395229664,-0.806872802,1.726580625,0.268419945,2.510696577,0.268419945,1.799597
447,447,1.06,-1.8,2,93.5,4.9,0.186,1.931,0.051672,113.1594,L,0,core,0.052092896,-1.304531162,1.413538364,0.007517402,2.245097053,0.007517402,4.1561955
448,448,-2.53,3,4,105,10.5,0.18,1.932,0.049211,156.1875,R,0,surface,0.557769631,-0.781160872,1.848975749,0.050526859,1.961412475,0.050526859,0.5774105
449,449,-1.5,3,2,100,11.3,0.219,2.258,0.017708,128.1741,K,0,surface,0.150341673,-0.830838275,1.241912032,0.112566959,1.851267721,0.112566959,0.715859
450,450,1.06,-1.8,2,93.5,4.9,0.186,1.931,0.051672,113.1594,L,0,core,-0.328101587,-1.269325811,2.198483519,1.694763037,6.631838347,1.694763037,5.7865765
451,451,-2.53,3,4,105,10.5,0.18,1.932,0.049211,156.1875,R,0,surface,0.304444726,-0.680009518,1.143532231,-0.141149784,2.114415305,-0.141149784,1.9427755
452,452,-0.74,3,4,62,12.3,0.151,1.862,0.006802,129.1155,E,0,surface,0.166215122,-1.076097229,1.28054529,0.041662792,3.007066568,0.041662792,-0.2143835
453,453,1.06,-1.8,2,93.5,4.9,0.186,1.931,0.051672,113.1594,L,0,core,-0.2184892,-1.613842712,1.592723029,0.135831011,2.177456749,0.135831011,3.6335145
454,454,-0.9,3,4,40,13,0.105,1.587,-0.02382,115.0886,D,0,surface,-0.613943442,-2.131561353,0.457700864,-0.496141624,2.832797939,-0.496141624,-0.005366
455,455,1.06,-1.8,2,93.5,4.9,0.186,1.931,0.051672,113.1594,L,0,core,-0.136953286,-1.486511077,0.901441067,-0.298047723,1.500016916,-0.298047723,3.8805625
456,456,-0.74,3,4,62,12.3,0.151,1.862,0.006802,129.1155,E,0,surface,-0.860207991,-2.050476321,0.275919049,-0.286637427,2.980801034,-0.286637427,-0.794707
457,457,-0.74,3,4,62,12.3,0.151,1.862,0.006802,129.1155,E,0,surface,-0.451889276,-2.1158311,0.988760572,-0.54091081,1.877745767,-0.54091081,0.5009975
458,458,-0.78,2,4,58.7,11.6,0.134,1.655,0.005392,114.1039,N,0,core,-0.815568243,-2.317268122,0.284732477,-0.16917685,2.307725102,-0.16917685,7.470214
459,459,-1.5,3,2,100,11.3,0.219,2.258,0.017708,128.1741,K,0,surface,0.562612829,-0.388538404,1.862905528,0.446543052,2.437527726,0.446543052,0.0738075
460,460,1.06,-1.8,2,93.5,4.9,0.186,1.931,0.051672,113.1594,L,0,core,-0.508918634,-1.634237159,0.829866615,0.242762949,1.997957119,0.242762949,3.8106345
461,461,-0.74,3,4,62,12.3,0.151,1.862,0.006802,129.1155,E,0,surface,0.644762631,-0.919294896,1.663261449,-0.688307133,3.130135432,-0.688307133,0.1864985
462,462,-0.18,0.3,4,29.3,9.2,0.062,1.298,0.004627,87.0782,S,2.001090382,surface,0.659436379,-0.605303539,2.475787388,0.538716229,2.592815202,0.538716229,0.8774735
463,463,1.06,-1.8,2,93.5,4.9,0.186,1.931,0.051672,113.1594,L,0,core,-0.500954895,-2.122229038,1.132396641,-0.247309259,2.521708148,-0.247309259,4.2440425
464,464,0.12,0,2,41.9,8,0.131,1.468,0.239531,97.1167,P,0,core,0.058382424,-1.410315316,0.781617672,-0.691210163,3.781590416,-0.691210163,3.474799
465,465,-0.78,2,4,58.7,11.6,0.134,1.655,0.005392,114.1039,N,1.957588418,surface,0.045756818,-1.135418521,1.237334781,0.185285739,2.317308011,0.185285739,-0.3138455
466,466,-0.74,3,4,62,12.3,0.151,1.862,0.006802,129.1155,E,0,surface,0.72067678,-0.459284603,1.743625851,-0.218278615,2.335712788,-0.218278615,2.281487
467,467,1.38,-1.8,2,93.5,5.2,0.186,1.81,0.021631,113.1594,I,0,core,0.089701136,-1.386030974,1.285492585,-0.665866088,2.872683352,-0.665866088,2.9278385
468,468,0.62,-0.5,2,27.5,8.1,0.046,1.181,0.007187,71.0788,A,0,core,0.091537084,-1.236590249,1.250964369,-0.269216795,2.569024543,-0.269216795,3.1798895
469,469,0.26,-2.3,3,117.3,6.2,0.298,2.368,0.023599,163.176,Y,0,surface,0.067633702,-1.592341578,1.128352391,-0.864502613,4.072862174,-0.864502613,0.6556225
470,470,1.06,-1.8,2,93.5,4.9,0.186,1.931,0.051672,113.1594,L,0,core,0.548502146,-0.153028783,1.22872238,0.227177553,2.051668394,0.227177553,4.9248135
471,471,-1.5,3,2,100,11.3,0.219,2.258,0.017708,128.1741,K,1.326809927,surface,0.842881777,-0.39850475,2.187001863,0.097616592,2.264328966,0.097616592,0.444637
472,472,-0.9,3,4,40,13,0.105,1.587,-0.02382,115.0886,D,0,surface,0.248070452,-0.767599215,1.613958739,0.327161627,2.757793087,0.327161627,0.004219
473,473,1.06,-1.8,2,93.5,4.9,0.186,1.931,0.051672,113.1594,L,0,core,-0.057459479,-2.161018921,2.01593246,-0.407572849,2.965890387,-0.407572849,5.7604155
474,474,-0.85,0.2,4,80.7,10.5,0.18,1.932,0.049211,128.1307,Q,0,surface,0.216756533,-0.940168772,1.253769541,-0.172703572,2.864186282,-0.172703572,1.9652235
475,475,-1.5,3,2,100,11.3,0.219,2.258,0.017708,128.1741,K,3.583347894,surface,0.01534616,-1.223896317,1.230453125,-0.000996088,2.096751808,-0.000996088,1.0841625
476,476,1.06,-1.8,2,93.5,4.9,0.186,1.931,0.051672,113.1594,L,0,core,0.010857362,-2.147534865,0.966379877,-1.091184586,3.549725281,-1.091184586,3.714676
477,477,1.08,-1.5,2,71.5,5.9,0.14,1.645,0.057004,99.1326,V,0.888682996,core,0.361427625,-0.516439513,1.34030849,0.292019527,2.505364997,0.292019527,0.703614
478,478,1.06,-1.8,2,93.5,4.9,0.186,1.931,0.051672,113.1594,L,0,core,-0.23485776,-1.332371951,1.161831317,0.137631882,2.218396511,0.137631882,4.025516
479,479,-0.05,-0.4,4,51.3,8.6,0.108,1.525,0.003352,101.1051,T,0,surface,0.258726077,-1.818986213,1.857245144,-0.763885139,3.464702576,-0.763885139,-0.7126565
480,480,-0.78,2,4,58.7,11.6,0.134,1.655,0.005392,114.1039,N,0,surface,0.830096327,-1.527213187,2.196578894,-1.054699085,3.933854522,-1.054699085,0.985512
481,481,-0.78,2,4,58.7,11.6,0.134,1.655,0.005392,114.1039,N,0,core,-0.349175228,-1.46879232,2.015703088,0.812320838,3.231711182,0.812320838,8.6701005
482,482,-0.85,0.2,4,80.7,10.5,0.18,1.932,0.049211,128.1307,Q,0,surface,0.603598993,-0.218036153,1.488402385,-0.00490146,2.104603941,-0.00490146,0.516956
483,483,1.06,-1.8,2,93.5,4.9,0.186,1.931,0.051672,113.1594,L,0,core,0.044433462,-1.923503224,1.449004766,-0.6989413,2.800579291,-0.6989413,3.4448725
484,484,-0.05,-0.4,4,51.3,8.6,0.108,1.525,0.003352,101.1051,T,6.289141202,surface,0.835315809,0.021686811,2.041043575,0.522889033,2.847732918,0.522889033,-0.5391105
485,485,-0.05,-0.4,4,51.3,8.6,0.108,1.525,0.003352,101.1051,T,1.868512966,surface,0.158572595,-0.97947232,0.981304301,-0.584804917,2.768892303,-0.584804917,0.100018
486,486,1.06,-1.8,2,93.5,4.9,0.186,1.931,0.051672,113.1594,L,1.936873196,core,0.218636987,-0.97955896,1.416680464,-0.138690391,2.267561739,-0.138690391,3.491888
487,487,0.12,0,2,41.9,8,0.131,1.468,0.239531,97.1167,P,0,surface,0.381132033,-0.826646324,1.315062899,-0.60376475,4.437401483,-0.60376475,2.2079425
488,488,-2.53,3,4,105,10.5,0.18,1.932,0.049211,156.1875,R,0,surface,-0.085072262,-1.482701505,1.078567956,-0.372973791,2.253928823,-0.372973791,0.2958505
489,489,0.48,0,2,0,9,0,0.881,0.179052,57.0519,G,0,core,0.147971178,-1.688274652,0.903322453,-1.165552222,4.500823135,-1.165552222,-0.2924805
490,490,1.38,-1.8,2,93.5,5.2,0.186,1.81,0.021631,113.1594,I,0,core,0.333855902,-1.511250791,1.755534555,-0.545086424,2.78406603,-0.545086424,2.980086
491,491,0.48,0,2,0,9,0,0.881,0.179052,57.0519,G,0,core,-0.246074808,-1.114505095,0.774746424,-0.0447775,2.383346594,-0.0447775,7.183668
492,492,-0.4,-0.5,4,79,10.4,0.23,2.025,-0.01069,137.1411,H,0,surface,0.083187432,-2.276707513,0.77466247,-1.838041819,6.248268208,-1.838041819,-0.1061875
493,493,1.06,-1.8,2,93.5,4.9,0.186,1.931,0.051672,113.1594,L,0,core,0.618366575,-0.220991628,1.524654168,-0.071632684,2.405082613,-0.071632684,4.2323865
494,494,-0.05,-0.4,4,51.3,8.6,0.108,1.525,0.003352,101.1051,T,1.777365992,surface,0.596028231,-0.478296413,2.05587457,0.654444534,4.726694083,0.654444534,-0.224325
495,495,-0.78,2,4,58.7,11.6,0.134,1.655,0.005392,114.1039,N,1.777365992,surface,0.406790481,-0.626925055,1.446736675,0.166820249,2.147388384,0.166820249,0.871551
496,496,1.06,-1.8,2,93.5,4.9,0.186,1.931,0.051672,113.1594,L,0,core,-0.029100918,-1.698334891,1.361807324,-0.351340655,2.049890433,-0.351340655,5.956264
497,497,-0.05,-0.4,4,51.3,8.6,0.108,1.525,0.003352,101.1051,T,0,surface,0.291667759,-0.389348689,0.9260575,0.053828653,2.450110879,0.053828653,1.178721
498,498,-0.4,-0.5,4,79,10.4,0.23,2.025,-0.01069,137.1411,H,0,surface,-0.011728745,-1.587525802,0.951326626,-0.80811807,3.097947442,-0.80811807,0.581962
499,499,1.06,-1.8,2,93.5,4.9,0.186,1.931,0.051672,113.1594,L,0,core,0.012059063,-1.062977598,1.159129317,0.112166348,1.849846196,0.112166348,3.3900865
500,500,0.48,0,2,0,9,0,0.881,0.179052,57.0519,G,0,core,0.306203496,-1.449889917,1.539062048,-0.535127821,3.403805036,-0.535127821,-0.091404
501,501,1.06,-1.8,2,93.5,4.9,0.186,1.931,0.051672,113.1594,L,0,core,0.056343712,-1.587118431,0.97066106,-1.160119759,3.764677982,-1.160119759,4.073383
502,502,0.48,0,2,0,9,0,0.881,0.179052,57.0519,G,0,core,0.396846653,-0.891832842,2.075243987,0.283028614,3.886131941,0.283028614,2.979974
503,503,-0.74,3,4,62,12.3,0.151,1.862,0.006802,129.1155,E,0,surface,-0.631606179,-2.756166539,1.379144269,-0.200564503,3.343406161,-0.200564503,-0.1894695
504,504,-0.78,2,4,58.7,11.6,0.134,1.655,0.005392,114.1039,N,0,core,0.096277143,-1.905490214,1.980771415,-0.342038981,1.992545147,-0.342038981,6.973476
505,505,1.06,-1.8,2,93.5,4.9,0.186,1.931,0.051672,113.1594,L,1.936873196,surface,0.688137698,-0.049739986,1.428524915,-0.067770561,2.430508393,-0.067770561,0.1910825
506,506,1.06,-1.8,2,93.5,4.9,0.186,1.931,0.051672,113.1594,L,0,core,0.022810829,-1.700148605,1.237510227,-0.528101474,3.110604561,-0.528101474,3.2596685
507,507,-0.05,-0.4,4,51.3,8.6,0.108,1.525,0.003352,101.1051,T,3.440798266,surface,0.822106366,-0.498598506,1.893886341,-0.270022942,2.632915445,-0.270022942,-0.2192565
508,508,-0.4,-0.5,4,79,10.4,0.23,2.025,-0.01069,137.1411,H,3.964893366,surface,0.530025177,-0.381931173,1.445266462,-0.126818791,2.145380576,-0.126818791,-0.0700885
509,509,1.06,-1.8,2,93.5,4.9,0.186,1.931,0.051672,113.1594,L,0,core,-0.35911023,-2.42323715,0.792025164,-0.554160001,2.004440111,-0.554160001,4.178543
510,510,0.12,0,2,41.9,8,0.131,1.468,0.239531,97.1167,P,2.119167144,core,0.52903443,-0.41298568,1.972363098,0.383574245,2.777131867,0.383574245,3.7413805
511,511,-0.74,3,4,62,12.3,0.151,1.862,0.006802,129.1155,E,0,surface,0.276704127,-0.912445123,1.373281224,-0.131110463,2.249678814,-0.131110463,-0.20391
512,512,-0.74,3,4,62,12.3,0.151,1.862,0.006802,129.1155,E,0,surface,0.081134329,-0.990077338,0.928907416,-0.322684082,2.855865456,-0.322684082,0.6265015
513,513,1.38,-1.8,2,93.5,5.2,0.186,1.81,0.021631,113.1594,I,2.217539183,core,0.116291524,-1.090708077,1.608808463,0.265668754,2.69605493,0.265668754,3.0419755
514,514,0.48,0,2,0,9,0,0.881,0.179052,57.0519,G,0,core,0.061941416,-1.582274756,1.39451985,-0.283290333,2.575758946,-0.283290333,4.7400875
515,515,-0.05,-0.4,4,51.3,8.6,0.108,1.525,0.003352,101.1051,T,0,surface,-1.080987749,-6.640445628,0.764539554,-1.437726381,3.938249174,-1.437726381,-0.2755385
516,516,1.06,-1.8,2,93.5,4.9,0.186,1.931,0.051672,113.1594,L,0,core,0.295811078,-0.931099516,1.420216447,-0.056486118,2.579971883,-0.056486118,4.5495
517,517,-0.74,3,4,62,12.3,0.151,1.862,0.006802,129.1155,E,0,surface,0.343215193,-1.502450364,1.044058635,-1.582379043,5.375070744,-1.582379043,0.3013735
518,518,-0.78,2,4,58.7,11.6,0.134,1.655,0.005392,114.1039,N,0,surface,0.4021877,-0.088095828,1.306388561,0.831994988,3.405167301,0.831994988,1.5192775
519,519,1.06,-1.8,2,93.5,4.9,0.186,1.931,0.051672,113.1594,L,0,core,-0.358728193,-1.971333337,1.37761492,0.286160283,2.079626465,0.286160283,5.161216
520,520,-0.74,3,4,62,12.3,0.151,1.862,0.006802,129.1155,E,0,surface,0.643496721,-0.677183509,1.543222947,-0.409054524,2.10997547,-0.409054524,0.4056885
521,521,-0.74,3,4,62,12.3,0.151,1.862,0.006802,129.1155,E,0,surface,0.34807204,-2.116288379,1.813553942,-0.786713535,4.552620065,-0.786713535,0.9057155
522,522,1.06,-1.8,2,93.5,4.9,0.186,1.931,0.051672,113.1594,L,0,core,-0.406513038,-2.550357594,1.412270241,-0.518727229,2.749676766,-0.518727229,4.2986005
523,523,0.26,-2.3,3,117.3,6.2,0.298,2.368,0.023599,163.176,Y,0,surface,0.50359433,-0.21427501,1.310249639,0.144387418,2.542580249,0.144387418,1.772828
524,524,1.06,-1.8,2,93.5,4.9,0.186,1.931,0.051672,113.1594,L,0,core,0.109017874,-1.28700428,1.444591067,-0.036950701,2.104160231,-0.036950701,4.8476645
525,525,-0.78,2,4,58.7,11.6,0.134,1.655,0.005392,114.1039,N,0,surface,0.438761046,-0.714521189,1.578686783,0.019048663,2.50660436,0.019048663,0.522368
526,526,-0.9,3,4,40,13,0.105,1.587,-0.02382,115.0886,D,0,surface,-0.059213632,-1.272315213,0.817619935,-0.121917509,2.006063041,-0.121917509,1.7341235
527,527,-0.78,2,4,58.7,11.6,0.134,1.655,0.005392,114.1039,N,0,core,-0.010329236,-1.414820636,1.260266792,-0.329375229,2.010492129,-0.329375229,6.8882675
528,528,0.12,0,2,41.9,8,0.131,1.468,0.239531,97.1167,P,0,surface,0.816443987,-0.406742954,3.02247633,1.194378372,5.530958654,1.194378372,1.0560615
529,529,-0.78,2,4,58.7,11.6,0.134,1.655,0.005392,114.1039,N,5.872765253,surface,0.830577672,0.008933751,2.159103486,0.768278222,3.971682064,0.768278222,-0.0987655
530,530,1.06,-1.8,2,93.5,4.9,0.186,1.931,0.051672,113.1594,L,0,core,-0.064529919,-1.388542838,1.07143716,-0.172145456,1.832773163,-0.172145456,4.0332175
531,531,-0.4,-0.5,4,79,10.4,0.23,2.025,-0.01069,137.1411,H,1.848833505,surface,0.700054671,-0.340639043,1.689283766,0.242848678,2.54380586,0.242848678,-0.1660615
532,532,-0.18,0.3,4,29.3,9.2,0.062,1.298,0.004627,87.0782,S,3.045137538,surface,0.444426029,-0.527375576,1.247739586,-0.160587376,2.009141222,-0.160587376,0.026541
533,533,1.06,-1.8,2,93.5,4.9,0.186,1.931,0.051672,113.1594,L,0,core,-0.20277129,-1.724087302,0.905758211,-0.539181607,2.197030803,-0.539181607,4.1074555
534,534,0.12,0,2,41.9,8,0.131,1.468,0.239531,97.1167,P,0,surface,0.214195476,-0.74791193,1.410170848,0.274844153,3.612165198,0.274844153,4.105878
535,535,1.19,-2.5,2,115.5,5.2,0.29,2.228,0.037552,147.1766,F,0,surface,0.046347014,-1.086807662,2.070697308,1.242021332,5.69970716,1.242021332,1.213404
536,536,-0.74,3,4,62,12.3,0.151,1.862,0.006802,129.1155,E,0,surface,0.043490182,-1.032192517,0.968349412,-0.095419979,2.385318655,-0.095419979,1.554302
537,537,1.06,-1.8,2,93.5,4.9,0.186,1.931,0.051672,113.1594,L,0,core,-0.246037571,-1.517987571,1.178882699,0.238347153,1.932626349,0.238347153,4.276111
538,538,0.62,-0.5,2,27.5,8.1,0.046,1.181,0.007187,71.0788,A,0,core,-0.213002456,-0.922254511,0.457700864,-0.349221871,1.988059961,-0.349221871,5.99026
539,539,1.06,-1.8,2,93.5,4.9,0.186,1.931,0.051672,113.1594,L,0,surface,-0.005889182,-1.957776367,1.316646337,-0.48622975,3.240654757,-0.48622975,1.349114
540,540,0.29,-1,2,44.6,5.5,0.128,1.461,-0.03661,103.1388,C,0,core,0.206439161,-0.770140494,1.37953567,0.403088167,4.141307248,0.403088167,3.984962
541,541,-0.18,0.3,4,29.3,9.2,0.062,1.298,0.004627,87.0782,S,0,surface,0.207652188,-0.947914873,1.736707365,0.243192134,3.444227979,0.243192134,-0.2465565
542,542,-1.5,3,2,100,11.3,0.219,2.258,0.017708,128.1741,K,0,surface,-0.052756889,-1.133357834,0.995448563,-0.092654349,1.726415169,-0.092654349,0.8259415
543,543,1.06,-1.8,2,93.5,4.9,0.186,1.931,0.051672,113.1594,L,0,surface,-0.463709047,-1.606831526,0.690520715,0.006538465,1.820469664,0.006538465,3.4431895
544,544,-0.18,0.3,4,29.3,9.2,0.062,1.298,0.004627,87.0782,S,0,surface,0.568533863,-0.338724451,1.435645617,0.069577844,2.040362978,0.069577844,-0.098201
545,545,1.38,-1.8,2,93.5,5.2,0.186,1.81,0.021631,113.1594,I,0,surface,0.384545504,-0.590825741,1.475686753,0.152672553,2.327430328,0.152672553,1.0127105
546,546,0.64,-1.3,2,94.1,5.7,0.221,2.034,0.002683,131.1986,M,0,core,-0.240052441,-1.533620014,0.616882442,-0.398837006,2.329408358,-0.398837006,4.527733
547,547,-0.18,0.3,4,29.3,9.2,0.062,1.298,0.004627,87.0782,S,0,core,0.351580413,-0.701147451,2.263714923,0.836837392,3.854848364,0.836837392,-0.172581
548,548,1.38,-1.8,2,93.5,5.2,0.186,1.81,0.021631,113.1594,I,0,core,0.518986474,-1.179151251,2.029716197,-0.387992894,3.749114371,-0.387992894,2.7236185
549,549,-0.74,3,4,62,12.3,0.151,1.862,0.006802,129.1155,E,0,surface,0.819967001,-1.118786494,1.483448139,-1.470947195,4.661394263,-1.470947195,-0.050332
550,550,-0.78,2,4,58.7,11.6,0.134,1.655,0.005392,114.1039,N,0,surface,0.616528823,-0.482274491,2.226549378,0.178251867,3.077123831,0.178251867,1.7062575
551,551,0.29,-1,2,44.6,5.5,0.128,1.461,-0.03661,103.1388,C,0,core,-0.675408922,-1.708145369,0.533658361,0.179119417,1.830257697,0.179119417,7.8637975
552,552,0.12,0,2,41.9,8,0.131,1.468,0.239531,97.1167,P,0,surface,0.342080198,-0.654928008,1.30571711,-0.088137769,2.020313378,-0.088137769,1.769853
553,553,1.06,-1.8,2,93.5,4.9,0.186,1.931,0.051672,113.1594,L,0,core,-0.311902347,-1.947955779,0.7085412,-0.585301656,4.347940907,-0.585301656,3.973622
554,554,-0.18,0.3,4,29.3,9.2,0.062,1.298,0.004627,87.0782,S,3.001635574,surface,0.620440279,-0.293722209,1.296126797,-0.495405976,2.492785799,-0.495405976,-0.1678925
555,555,-0.4,-0.5,4,79,10.4,0.23,2.025,-0.01069,137.1411,H,2.001090382,surface,0.646105789,-0.223369531,2.139153243,0.635827241,2.889404476,0.635827241,-0.037584
556,556,1.06,-1.8,2,93.5,4.9,0.186,1.931,0.051672,113.1594,L,0,core,0.140690361,-1.108586025,1.181631918,-0.22323386,2.278161294,-0.22323386,3.29412
557,557,0.12,0,2,41.9,8,0.131,1.468,0.239531,97.1167,P,0,surface,0.849447799,-0.569570661,7.981592652,3.756354946,16.21483843,3.756354946,2.8199435
558,558,0.12,0,2,41.9,8,0.131,1.468,0.239531,97.1167,P,3.828172905,surface,0.684339871,-0.664856517,1.793238022,-0.105058177,2.322442899,-0.105058177,1.8246575
559,559,-0.85,0.2,4,80.7,10.5,0.18,1.932,0.049211,128.1307,Q,0,surface,0.573538954,-0.33136755,1.319000763,-0.064181249,1.924179375,-0.064181249,0.407433
560,560,1.38,-1.8,2,93.5,5.2,0.186,1.81,0.021631,113.1594,I,0,surface,0.121750149,-0.950355237,1.132456395,-0.169874854,2.97848764,-0.169874854,2.2010275
561,561,1.08,-1.5,2,71.5,5.9,0.14,1.645,0.057004,99.1326,V,0,surface,0.66479263,-0.913739178,1.97166637,-0.067415348,3.167125859,-0.067415348,1.392512
562,562,0.62,-0.5,2,27.5,8.1,0.046,1.181,0.007187,71.0788,A,0,surface,0.686854188,-0.316977182,1.402849744,-0.481034233,2.503782063,-0.481034233,0.211768
563,563,0.48,0,2,0,9,0,0.881,0.179052,57.0519,G,0,surface,0.185762109,-0.892950176,1.166586691,-0.141337133,2.306400029,-0.141337133,3.8612045
564,564,0.48,0,2,0,9,0,0.881,0.179052,57.0519,G,0,core,-0.860723103,-2.075078831,0.457700864,0.268240985,2.362181137,0.268240985,3.725176
565,565,0.12,0,2,41.9,8,0.131,1.468,0.239531,97.1167,P,0,surface,-0.234332972,-1.486799898,0.613762706,-0.668920288,2.506731174,-0.668920288,1.342178
566,566,-0.18,0.3,4,29.3,9.2,0.062,1.298,0.004627,87.0782,S,0,surface,0.282272979,-1.350840741,1.25499174,-0.756667524,2.748429747,-0.756667524,-0.5759725
567,567,1.19,-2.5,2,115.5,5.2,0.29,2.228,0.037552,147.1766,F,0,surface,0.734524974,-1.003442497,1.721390813,-0.725861887,4.396374636,-0.725861887,0.137975
568,568,1.38,-1.8,2,93.5,5.2,0.186,1.81,0.021631,113.1594,I,0,core,0.125230054,-1.125427774,1.410706715,0.060193446,1.997987136,0.060193446,6.4311695
569,569,1.38,-1.8,2,93.5,5.2,0.186,1.81,0.021631,113.1594,I,0,surface,0.107227558,-2.029429461,1.343707758,-1.026077397,3.938950437,-1.026077397,2.0712035
570,570,-0.85,0.2,4,80.7,10.5,0.18,1.932,0.049211,128.1307,Q,0,surface,0.056934022,-1.012101592,0.905597681,-0.46753863,2.414756444,-0.46753863,0.5001835
571,571,1.19,-2.5,2,115.5,5.2,0.29,2.228,0.037552,147.1766,F,0,core,0.060335542,-1.465414335,1.706566094,-0.28806583,4.226066623,-0.28806583,3.513393
572,572,1.06,-1.8,2,93.5,4.9,0.186,1.931,0.051672,113.1594,L,0,core,0.019877138,-1.357207435,1.137489074,-0.388247799,3.728410026,-0.388247799,3.4909835
573,573,-1.5,3,2,100,11.3,0.219,2.258,0.017708,128.1741,K,0,surface,-0.088343551,-0.856455526,0.90238068,0.243182584,2.141108532,0.243182584,1.677949
574,574,0.64,-1.3,2,94.1,5.7,0.221,2.034,0.002683,131.1986,M,0,surface,0.22634481,-0.854603436,1.199006696,-0.183269257,2.701997518,-0.183269257,1.604542
575,575,-0.85,0.2,4,80.7,10.5,0.18,1.932,0.049211,128.1307,Q,0,surface,0.224834833,-0.917133978,1.454518268,0.102904646,2.450896851,0.102904646,0.37062
576,576,0.48,0,2,0,9,0,0.881,0.179052,57.0519,G,0,core,-0.215731783,-2.323287859,0.625832552,-1.510950799,5.811694409,-1.510950799,10.306648
577,577,0.12,0,2,41.9,8,0.131,1.468,0.239531,97.1167,P,2.022841365,surface,0.21563132,-0.551518472,0.894373319,-0.207270375,1.833621802,-0.207270375,1.283008
578,578,0.26,-2.3,3,117.3,6.2,0.298,2.368,0.023599,163.176,Y,0,surface,-0.320113879,-1.160385954,0.610328567,0.153235295,2.303377298,0.153235295,3.0158295
579,579,-2.53,3,4,105,10.5,0.18,1.932,0.049211,156.1875,R,0,surface,0.212740506,-0.554088375,1.041952283,0.308486786,2.119605718,0.308486786,1.6485885
580,580,0.62,-0.5,2,27.5,8.1,0.046,1.181,0.007187,71.0788,A,0,surface,0.375157132,-1.143629587,1.153443895,-0.833082064,3.811804703,-0.833082064,0.501643
581,581,0.64,-1.3,2,94.1,5.7,0.221,2.034,0.002683,131.1986,M,0,surface,0.006351263,-0.760631328,0.98532036,0.606325549,2.965890319,0.606325549,-0.0808715
582,582,1.08,-1.5,2,71.5,5.9,0.14,1.645,0.057004,99.1326,V,0,surface,0.51189019,-0.651368658,1.859102857,0.048534512,2.090500963,0.048534512,-0.1495735