"","POS","SHOC2AA","H1","H2","H3","V","P1","P2","SASA","NCI","MASS","Evo_freq","structural_position","mean_scale_LFC","avgMutateX"
"1",1,"M","0.64","-1.3","2","94.1","5.7","0.221","2.034","0.002683","131.1986",3.806421923,"N_unstruc",NA,0.0387235
"2",2,"S","-0.18","0.3","4","29.3","9.2","0.062","1.298","0.004627","87.0782",2.022841365,"N_unstruc",-0.0963836706034536,0.1389305
"3",3,"S","-0.18","0.3","4","29.3","9.2","0.062","1.298","0.004627","87.0782",0,"N_unstruc",0.196673033628238,0.0268035
"4",4,"S","-0.18","0.3","4","29.3","9.2","0.062","1.298","0.004627","87.0782",2.979884591,"N_unstruc",0.100146068858018,1.6980305
"5",5,"L","1.06","-1.8","2","93.5","4.9","0.186","1.931","0.051672","113.1594",3.219145398,"N_unstruc",-0.0703884236846296,0.325459
"6",6,"G","0.48","0","2","0","9","0","0.881","0.179052","57.0519",0,"N_unstruc",-0.370367938631038,0.6917785
"7",7,"K","-1.5","3","2","100","11.3","0.219","2.258","0.017708","128.1741",0,"N_unstruc",-0.174234937733922,0.2228695
"8",8,"E","-0.74","3","4","62","12.3","0.151","1.862","0.006802","129.1155",3.045137538,"N_unstruc",0.140938506070447,0.7338
"9",9,"K","-1.5","3","2","100","11.3","0.219","2.258","0.017708","128.1741",0,"N_unstruc",0.120952331965463,0.6931805
"10",10,"D","-0.9","3","4","40","13","0.105","1.587","-0.02382","115.0886",0,"N_unstruc",-0.211919853328686,-0.0321665
"11",11,"S","-0.18","0.3","4","29.3","9.2","0.062","1.298","0.004627","87.0782",9.17891458,"N_unstruc",-0.284533536281774,0.1908855
"12",12,"K","-1.5","3","2","100","11.3","0.219","2.258","0.017708","128.1741",0,"N_unstruc",-0.21867892350798,0.0643325
"13",13,"E","-0.74","3","4","62","12.3","0.151","1.862","0.006802","129.1155",1.522568769,"N_unstruc",0.563374818340556,0.515602
"14",14,"K","-1.5","3","2","100","11.3","0.219","2.258","0.017708","128.1741",3.501908169,"N_unstruc",-0.0685666773341064,0.1016845
"15",15,"D","-0.9","3","4","40","13","0.105","1.587","-0.02382","115.0886",3.480157187,"N_unstruc",-0.0299273865389324,-0.136837
"16",16,"P","0.12","0","2","41.9","8","0.131","1.468","0.239531","97.1167",5.9380182,"N_unstruc",-0.108443431046763,0.1877805
"17",17,"K","-1.5","3","2","100","11.3","0.219","2.258","0.017708","128.1741",0,"N_unstruc",0.176144051848473,0.0963815
"18",18,"V","1.08","-1.5","2","71.5","5.9","0.14","1.645","0.057004","99.1326",8.287124301,"N_unstruc",0.0990637627192194,-0.094523
"19",19,"P","0.12","0","2","41.9","8","0.131","1.468","0.239531","97.1167",6.046773112,"N_unstruc",0.141914840526606,0.9198925
"20",20,"S","-0.18","0.3","4","29.3","9.2","0.062","1.298","0.004627","87.0782",7.634594828,"N_unstruc",0.0371005828026815,-0.238936
"21",21,"A","0.62","-0.5","2","27.5","8.1","0.046","1.181","0.007187","71.0788",4.785216132,"N_unstruc",-0.209185478492153,0.135766
"22",22,"K","-1.5","3","2","100","11.3","0.219","2.258","0.017708","128.1741",0,"N_unstruc",0.0456655132408603,0.138808
"23",23,"E","-0.74","3","4","62","12.3","0.151","1.862","0.006802","129.1155",0,"N_unstruc",0.288816658047935,0.380098
"24",24,"R","-2.53","3","4","105","10.5","0.18","1.932","0.049211","156.1875",3.588912099,"N_unstruc",0.0575881094636856,0.1175065
"25",25,"E","-0.74","3","4","62","12.3","0.151","1.862","0.006802","129.1155",3.697667011,"N_unstruc",0.241445939082992,0.0785535
"26",26,"K","-1.5","3","2","100","11.3","0.219","2.258","0.017708","128.1741",2.175098242,"N_unstruc",-0.127128635634312,0.330854
"27",27,"E","-0.74","3","4","62","12.3","0.151","1.862","0.006802","129.1155",2.175098242,"N_unstruc",-0.150825094968901,0.167706
"28",28,"A","0.62","-0.5","2","27.5","8.1","0.046","1.181","0.007187","71.0788",3.349651292,"N_unstruc",-0.0324678023727998,0.086596
"29",29,"K","-1.5","3","2","100","11.3","0.219","2.258","0.017708","128.1741",0,"N_unstruc",0.0318935839872298,0.607382
"30",30,"A","0.62","-0.5","2","27.5","8.1","0.046","1.181","0.007187","71.0788",1.805331541,"N_unstruc",-0.0809622282368167,-0.218164
"31",31,"S","-0.18","0.3","4","29.3","9.2","0.062","1.298","0.004627","87.0782",3.936927817,"N_unstruc",-0.100587045397581,-0.041137
"32",32,"G","0.48","0","2","0","9","0","0.881","0.179052","57.0519",4.980974973,"N_unstruc",0.12386036102049,-1.7076085
"33",33,"G","0.48","0","2","0","9","0","0.881","0.179052","57.0519",1.957588418,"N_unstruc",NA,2.815552
"34",34,"F","1.19","-2.5","2","115.5","5.2","0.29","2.228","0.037552","147.1766",5.154982833,"N_unstruc",-0.159264078804281,-0.051183
"35",35,"G","0.48","0","2","0","9","0","0.881","0.179052","57.0519",4.132686659,"N_unstruc",0.129563701108313,0.2181145
"36",36,"K","-1.5","3","2","100","11.3","0.219","2.258","0.017708","128.1741",1.631323681,"N_unstruc",-0.146142834499124,0.088684
"37",37,"E","-0.74","3","4","62","12.3","0.151","1.862","0.006802","129.1155",6.394788831,"N_unstruc",0.107472961015057,0.7598965
"38",38,"S","-0.18","0.3","4","29.3","9.2","0.062","1.298","0.004627","87.0782",3.045137538,"N_unstruc",-0.180158093299202,0.445205
"39",39,"K","-1.5","3","2","100","11.3","0.219","2.258","0.017708","128.1741",1.827082523,"N_unstruc",-0.270973535005789,0.0241675
"40",40,"E","-0.74","3","4","62","12.3","0.151","1.862","0.006802","129.1155",3.697667011,"N_unstruc",0.347522159812819,0.023893
"41",41,"K","-1.5","3","2","100","11.3","0.219","2.258","0.017708","128.1741",0,"N_unstruc",-0.136420119576703,0.584346
"42",42,"E","-0.74","3","4","62","12.3","0.151","1.862","0.006802","129.1155",1.522568769,"N_unstruc",0.255043025691114,0.002805
"43",43,"P","0.12","0","2","41.9","8","0.131","1.468","0.239531","97.1167",7.939108582,"N_unstruc",-0.14052363693059,0.344288
"44",44,"K","-1.5","3","2","100","11.3","0.219","2.258","0.017708","128.1741",0,"N_unstruc",-0.194727967949016,0.30466
"45",45,"T","-0.05","-0.4","4","51.3","8.6","0.108","1.525","0.003352","101.1051",1.522568769,"N_unstruc",0.00943476954560512,0.2871095
"46",46,"K","-1.5","3","2","100","11.3","0.219","2.258","0.017708","128.1741",0,"N_unstruc",-0.323130209121474,0.203342
"47",47,"G","0.48","0","2","0","9","0","0.881","0.179052","57.0519",2.06634333,"N_unstruc",0.00213717621059576,0.093018
"48",48,"K","-1.5","3","2","100","11.3","0.219","2.258","0.017708","128.1741",1.326809927,"N_unstruc",-0.211159830987435,0.4233325
"49",49,"D","-0.9","3","4","40","13","0.105","1.587","-0.02382","115.0886",3.349651292,"N_unstruc",0.178742150498186,-0.1104305
"50",50,"A","0.62","-0.5","2","27.5","8.1","0.046","1.181","0.007187","71.0788",0,"N_unstruc",0.0647871902710038,0.060028
"51",51,"K","-1.5","3","2","100","11.3","0.219","2.258","0.017708","128.1741",0,"N_unstruc",-0.384556186642953,0.2811335
"52",52,"D","-0.9","3","4","40","13","0.105","1.587","-0.02382","115.0886",4.872220061,"N_unstruc",0.128102835053361,0.518444
"53",53,"G","0.48","0","2","0","9","0","0.881","0.179052","57.0519",0,"N_unstruc",0.0318844987943738,0.1124225
"54",54,"K","-1.5","3","2","100","11.3","0.219","2.258","0.017708","128.1741",1.326809927,"N_unstruc",-0.151006581224824,0.375314
"55",55,"K","-1.5","3","2","100","11.3","0.219","2.258","0.017708","128.1741",2.653619855,"N_unstruc",-0.29745899617616,0.2459405
"56",56,"D","-0.9","3","4","40","13","0.105","1.587","-0.02382","115.0886",1.674825646,"N_unstruc",0.325048459475681,0.913717
"57",57,"S","-0.18","0.3","4","29.3","9.2","0.062","1.298","0.004627","87.0782",5.894516235,"N_unstruc",-0.141268722028465,-0.2683765
"58",58,"S","-0.18","0.3","4","29.3","9.2","0.062","1.298","0.004627","87.0782",3.414904239,"N_unstruc",-0.0570165358838096,0.077474
"59",59,"A","0.62","-0.5","2","27.5","8.1","0.046","1.181","0.007187","71.0788",6.808057496,"N_unstruc",0.0693426333317776,-0.453805
"60",60,"A","0.62","-0.5","2","27.5","8.1","0.046","1.181","0.007187","71.0788",6.851559461,"N_unstruc",-0.039005930465765,0.0266075
"61",61,"Q","-0.85","0.2","4","80.7","10.5","0.18","1.932","0.049211","128.1307",5.633504446,"N_unstruc",0.0544809563463724,0.4259225
"62",62,"P","0.12","0","2","41.9","8","0.131","1.468","0.239531","97.1167",1.914086453,"N_unstruc",0.254945138068568,-0.0084895
"63",63,"G","0.48","0","2","0","9","0","0.881","0.179052","57.0519",3.915176835,"N_unstruc",0.218569037877537,0.0224225
"64",64,"V","1.08","-1.5","2","71.5","5.9","0.14","1.645","0.057004","99.1326",1.9793394,"N_unstruc",-1.13717529160246,0.0511795
"65",65,"A","0.62","-0.5","2","27.5","8.1","0.046","1.181","0.007187","71.0788",0,"N_unstruc",-0.171662645448839,0.6137595
"66",66,"F","1.19","-2.5","2","115.5","5.2","0.29","2.228","0.037552","147.1766",0,"N_unstruc",-1.16660124140345,0.731368
"67",67,"S","-0.18","0.3","4","29.3","9.2","0.062","1.298","0.004627","87.0782",0,"N_unstruc",0.388456470128946,0.02828
"68",68,"V","1.08","-1.5","2","71.5","5.9","0.14","1.645","0.057004","99.1326",0,"N_unstruc",-0.749102185791751,0.4856065
"69",69,"D","-0.9","3","4","40","13","0.105","1.587","-0.02382","115.0886",0,"N_unstruc",-0.496605691195634,2.489701
"70",70,"N","-0.78","2","4","58.7","11.6","0.134","1.655","0.005392","114.1039",1.609572699,"N_unstruc",-0.936590611101568,-0.052225
"71",71,"T","-0.05","-0.4","4","51.3","8.6","0.108","1.525","0.003352","101.1051",0,"N_unstruc",-0.286566180274129,0.764424
"72",72,"I","1.38","-1.8","2","93.5","5.2","0.186","1.81","0.021631","113.1594",0,"N_unstruc",-1.15206777235383,0.5124735
"73",73,"K","-1.5","3","2","100","11.3","0.219","2.258","0.017708","128.1741",1.761829576,"N_unstruc",-0.447355920563096,-0.15073
"74",74,"R","-2.53","3","4","105","10.5","0.18","1.932","0.049211","156.1875",0,"N_unstruc",-1.20968965163484,-0.0257725
"75",75,"P","0.12","0","2","41.9","8","0.131","1.468","0.239531","97.1167",1.914086453,"N_unstruc",-1.05134619651462,0.64389
"76",76,"N","-0.78","2","4","58.7","11.6","0.134","1.655","0.005392","114.1039",0,"N_unstruc",0.118905047008566,-0.00398749999999999
"77",77,"P","0.12","0","2","41.9","8","0.131","1.468","0.239531","97.1167",0,"N_unstruc",-0.317183964246081,0.632837
"78",78,"A","0.62","-0.5","2","27.5","8.1","0.046","1.181","0.007187","71.0788",1.805331541,"N_unstruc",0.0415971176568255,-0.075382
"79",79,"P","0.12","0","2","41.9","8","0.131","1.468","0.239531","97.1167",12.05004426,"N_unstruc",-0.0682041838125046,0.2515065
"80",80,"G","0.48","0","2","0","9","0","0.881","0.179052","57.0519",1.848833505,"N_unstruc",0.11558236286596,-0.743533
"81",81,"T","-0.05","-0.4","4","51.3","8.6","0.108","1.525","0.003352","101.1051",5.328990692,"N_unstruc",-0.0829353631020337,-0.162822
"82",82,"R","-2.53","3","4","105","10.5","0.18","1.932","0.049211","156.1875",1.957588418,"N_unstruc",-0.612727664672884,0.9576595
"83",83,"K","-1.5","3","2","100","11.3","0.219","2.258","0.017708","128.1741",0,"N_unstruc",-0.214366903262776,0.440684
"84",84,"K","-1.5","3","2","100","11.3","0.219","2.258","0.017708","128.1741",0,"N_unstruc",-0.279667166031602,0.178549
"85",85,"S","-0.18","0.3","4","29.3","9.2","0.062","1.298","0.004627","87.0782",1.087549121,"N_unstruc",-0.0548523498770898,0.0666275
"86",86,"S","-0.18","0.3","4","29.3","9.2","0.062","1.298","0.004627","87.0782",0,"N_unstruc",-0.132673298788313,1.4645495
"87",87,"N","-0.78","2","4","58.7","11.6","0.134","1.655","0.005392","114.1039",0,"N_unstruc",-0.614970196610755,-0.2209305
"88",88,"A","0.62","-0.5","2","27.5","8.1","0.046","1.181","0.007187","71.0788",0,"surface",0.0164724437199643,0.1545075
"89",89,"E","-0.74","3","4","62","12.3","0.151","1.862","0.006802","129.1155",0,"surface",0.126377739795292,0.7420855
"90",90,"V","1.08","-1.5","2","71.5","5.9","0.14","1.645","0.057004","99.1326",0,"core",-0.269636734482441,2.991597
"91",91,"I","1.38","-1.8","2","93.5","5.2","0.186","1.81","0.021631","113.1594",1.891829633,"surface",0.138855840229343,1.1138315
"92",92,"K","-1.5","3","2","100","11.3","0.219","2.258","0.017708","128.1741",0,"surface",-0.533427843032027,1.101257
"93",93,"E","-0.74","3","4","62","12.3","0.151","1.862","0.006802","129.1155",0,"surface",-0.0941358557902168,-0.109976
"94",94,"L","1.06","-1.8","2","93.5","4.9","0.186","1.931","0.051672","113.1594",0,"core",-0.718865057464623,3.5069085
"95",95,"N","-0.78","2","4","58.7","11.6","0.134","1.655","0.005392","114.1039",1.736031899,"surface",-0.282507950328924,-0.166181
"96",96,"K","-1.5","3","2","100","11.3","0.219","2.258","0.017708","128.1741",0,"surface",-0.464914720699205,0.869168
"97",97,"C","0.29","-1","2","44.6","5.5","0.128","1.461","-0.03661","103.1388",0,"core",-0.586959639399486,1.0777325
"98",98,"R","-2.53","3","4","105","10.5","0.18","1.932","0.049211","156.1875",0,"surface",-0.452465730655586,0.700409
"99",99,"E","-0.74","3","4","62","12.3","0.151","1.862","0.006802","129.1155",0,"surface",0.116651064263472,-0.110401
"100",100,"E","-0.74","3","4","62","12.3","0.151","1.862","0.006802","129.1155",0,"surface",-0.336319122749192,0.1836235
"101",101,"N","-0.78","2","4","58.7","11.6","0.134","1.655","0.005392","114.1039",0,"surface",0.0166355591160824,0.8464155
"102",102,"S","-0.18","0.3","4","29.3","9.2","0.062","1.298","0.004627","87.0782",1.112840961,"surface",-0.369257175641328,0.8268045
"103",103,"M","0.64","-1.3","2","94.1","5.7","0.221","2.034","0.002683","131.1986",8.346307206,"surface",-0.291768885605545,0.1808845
"104",104,"R","-2.53","3","4","105","10.5","0.18","1.932","0.049211","156.1875",2.069884187,"surface",-0.692219975830935,0.765179
"105",105,"L","1.06","-1.8","2","93.5","4.9","0.186","1.931","0.051672","113.1594",0,"core",-0.695749041713143,4.8447185
"106",106,"D","-0.9","3","4","40","13","0.105","1.587","-0.02382","115.0886",0,"surface",-1.0183779181639,2.342366
"107",107,"L","1.06","-1.8","2","93.5","4.9","0.186","1.931","0.051672","113.1594",0,"core",-0.986302902394777,4.845447
"108",108,"S","-0.18","0.3","4","29.3","9.2","0.062","1.298","0.004627","87.0782",3.418011523,"core",-0.617044486896481,2.3159615
"109",109,"K","-1.5","3","2","100","11.3","0.219","2.258","0.017708","128.1741",0,"surface",-0.652293044954794,0.704261
"110",110,"R","-2.53","3","4","105","10.5","0.18","1.932","0.049211","156.1875",1.446693249,"surface",-0.754144883961952,1.11473
"111",111,"S","-0.18","0.3","4","29.3","9.2","0.062","1.298","0.004627","87.0782",0,"surface",0.0436029233765209,-0.11873
"112",112,"I","1.38","-1.8","2","93.5","5.2","0.186","1.81","0.021631","113.1594",0,"core",-0.469711883566025,3.992159
"113",113,"H","-0.4","-0.5","4","79","10.4","0.23","2.025","-0.01069","137.1411",1.98085691,"surface",-0.0344658728967968,0.0088775
"114",114,"I","1.38","-1.8","2","93.5","5.2","0.186","1.81","0.021631","113.1594",1.825059176,"surface",-0.272340362754867,0.0818485
"115",115,"L","1.06","-1.8","2","93.5","4.9","0.186","1.931","0.051672","113.1594",2.136654645,"core",-1.06241808605902,4.1149045
"116",116,"P","0.12","0","2","41.9","8","0.131","1.468","0.239531","97.1167",0,"surface",-0.336750922770571,1.982231
"117",117,"S","-0.18","0.3","4","29.3","9.2","0.062","1.298","0.004627","87.0782",5.11906842,"surface",-0.32655738770053,-0.498218
"118",118,"S","-0.18","0.3","4","29.3","9.2","0.062","1.298","0.004627","87.0782",2.225681922,"surface",-0.125798539168015,-0.870288
"119",119,"I","1.38","-1.8","2","93.5","5.2","0.186","1.81","0.021631","113.1594",2.336966018,"core",-1.03408690420498,4.582559
"120",120,"K","-1.5","3","2","100","11.3","0.219","2.258","0.017708","128.1741",0,"surface",-0.332873929935446,1.0194235
"121",121,"E","-0.74","3","4","62","12.3","0.151","1.862","0.006802","129.1155",1.557977345,"surface",0.192661348094051,-0.1908805
"122",122,"L","1.06","-1.8","2","93.5","4.9","0.186","1.931","0.051672","113.1594",0,"core",-0.266475565756667,3.517525
"123",123,"T","-0.05","-0.4","4","51.3","8.6","0.108","1.525","0.003352","101.1051",0,"surface",-0.383704488633023,-0.5059645
"124",124,"Q","-0.85","0.2","4","80.7","10.5","0.18","1.932","0.049211","128.1307",0,"surface",-0.129042844296059,-0.273302
"125",125,"L","1.06","-1.8","2","93.5","4.9","0.186","1.931","0.051672","113.1594",3.182725148,"core",-0.930841350939198,4.3506525
"126",126,"T","-0.05","-0.4","4","51.3","8.6","0.108","1.525","0.003352","101.1051",3.627861532,"surface",-0.313325734588492,-0.6598125
"127",127,"E","-0.74","3","4","62","12.3","0.151","1.862","0.006802","129.1155",0,"surface",-1.34679255213434,1.489716
"128",128,"L","1.06","-1.8","2","93.5","4.9","0.186","1.931","0.051672","113.1594",0,"core",-0.774778337765745,4.232594
"129",129,"Y","0.26","-2.3","3","117.3","6.2","0.298","2.368","0.023599","163.176",0,"surface",-1.06611901092476,3.4397035
"130",130,"L","1.06","-1.8","2","93.5","4.9","0.186","1.931","0.051672","113.1594",0,"core",-0.654766387034389,4.621446
"131",131,"Y","0.26","-2.3","3","117.3","6.2","0.298","2.368","0.023599","163.176",0,"surface",-1.44761782559824,0.6313775
"132",132,"S","-0.18","0.3","4","29.3","9.2","0.062","1.298","0.004627","87.0782",3.11595469,"surface",-0.897230088380791,0.157077
"133",133,"N","-0.78","2","4","58.7","11.6","0.134","1.655","0.005392","114.1039",0,"core",-1.27402819267909,10.5814075
"134",134,"K","-1.5","3","2","100","11.3","0.219","2.258","0.017708","128.1741",0,"surface",-0.662118917697057,0.7778945
"135",135,"L","1.06","-1.8","2","93.5","4.9","0.186","1.931","0.051672","113.1594",0,"core",-0.709112623269835,3.852063
"136",136,"Q","-0.85","0.2","4","80.7","10.5","0.18","1.932","0.049211","128.1307",0,"surface",-0.20369970357431,-0.1816665
"137",137,"S","-0.18","0.3","4","29.3","9.2","0.062","1.298","0.004627","87.0782",4.095254736,"surface",-0.498187329059413,0.294027
"138",138,"L","1.06","-1.8","2","93.5","4.9","0.186","1.931","0.051672","113.1594",0,"core",-1.00944183136833,4.470054
"139",139,"P","0.12","0","2","41.9","8","0.131","1.468","0.239531","97.1167",0,"surface",-0.329185912048756,2.8802715
"140",140,"A","0.62","-0.5","2","27.5","8.1","0.046","1.181","0.007187","71.0788",3.627861532,"surface",0.100703188034746,0.0542145
"141",141,"E","-0.74","3","4","62","12.3","0.151","1.862","0.006802","129.1155",0,"surface",-0.398167341628425,1.5750825
"142",142,"V","1.08","-1.5","2","71.5","5.9","0.14","1.645","0.057004","99.1326",1.157354599,"core",-0.445524782203701,3.239752
"143",143,"G","0.48","0","2","0","9","0","0.881","0.179052","57.0519",0,"core",-0.404035555918784,8.0080865
"144",144,"C","0.29","-1","2","44.6","5.5","0.128","1.461","-0.03661","103.1388",0,"surface",-0.11804645430527,0.1313305
"145",145,"L","1.06","-1.8","2","93.5","4.9","0.186","1.931","0.051672","113.1594",1.535720526,"core",-0.558776821620926,4.5864025
"146",146,"V","1.08","-1.5","2","71.5","5.9","0.14","1.645","0.057004","99.1326",3.783659267,"surface",-0.088119601233684,0.048706
"147",147,"N","-0.78","2","4","58.7","11.6","0.134","1.655","0.005392","114.1039",4.918757047,"surface",-0.0818754227870013,1.492786
"148",148,"L","1.06","-1.8","2","93.5","4.9","0.186","1.931","0.051672","113.1594",0,"core",-0.787492585575371,4.8238415
"149",149,"M","0.64","-1.3","2","94.1","5.7","0.221","2.034","0.002683","131.1986",7.634088991,"surface",-0.0285335655369723,1.028594
"150",150,"T","-0.05","-0.4","4","51.3","8.6","0.108","1.525","0.003352","101.1051",1.825059176,"surface",-0.329646247397972,0.013095
"151",151,"L","1.06","-1.8","2","93.5","4.9","0.186","1.931","0.051672","113.1594",0,"core",-0.915299630037717,3.7941165
"152",152,"A","0.62","-0.5","2","27.5","8.1","0.046","1.181","0.007187","71.0788",1.847315995,"core",-0.991471497459031,-0.6461805
"153",153,"L","1.06","-1.8","2","93.5","4.9","0.186","1.931","0.051672","113.1594",0,"core",-0.732798837451674,4.5636145
"154",154,"S","-0.18","0.3","4","29.3","9.2","0.062","1.298","0.004627","87.0782",3.605604713,"core",-1.07891024794465,1.03085
"155",155,"E","-0.74","3","4","62","12.3","0.151","1.862","0.006802","129.1155",0,"surface",-1.30248427768718,1.11172
"156",156,"N","-0.78","2","4","58.7","11.6","0.134","1.655","0.005392","114.1039",0,"core",-1.1058977367867,7.903257
"157",157,"S","-0.18","0.3","4","29.3","9.2","0.062","1.298","0.004627","87.0782",0,"surface",-0.28155976687775,-0.2068375
"158",158,"L","1.06","-1.8","2","93.5","4.9","0.186","1.931","0.051672","113.1594",0,"core",-1.15030646571425,3.698236
"159",159,"T","-0.05","-0.4","4","51.3","8.6","0.108","1.525","0.003352","101.1051",0,"surface",-0.299061192151377,-0.180176
"160",160,"S","-0.18","0.3","4","29.3","9.2","0.062","1.298","0.004627","87.0782",0,"surface",-0.213023820203159,1.0599615
"161",161,"L","1.06","-1.8","2","93.5","4.9","0.186","1.931","0.051672","113.1594",0,"core",-1.10720346359149,4.5669155
"162",162,"P","0.12","0","2","41.9","8","0.131","1.468","0.239531","97.1167",0,"surface",-0.270032579426754,4.709515
"163",163,"D","-0.9","3","4","40","13","0.105","1.587","-0.02382","115.0886",1.71377508,"surface",-0.144504253395959,0.4848615
"164",164,"S","-0.18","0.3","4","29.3","9.2","0.062","1.298","0.004627","87.0782",0,"surface",-0.36744060197734,0.012151
"165",165,"L","1.06","-1.8","2","93.5","4.9","0.186","1.931","0.051672","113.1594",0,"core",-0.549800298602039,4.288432
"166",166,"D","-0.9","3","4","40","13","0.105","1.587","-0.02382","115.0886",0,"surface",0.0189537141100475,-0.554379
"167",167,"N","-0.78","2","4","58.7","11.6","0.134","1.655","0.005392","114.1039",1.669261441,"surface",-0.143598989966178,0.1024275
"168",168,"L","1.06","-1.8","2","93.5","4.9","0.186","1.931","0.051672","113.1594",2.225681922,"core",0.201624120557107,3.5473135
"169",169,"K","-1.5","3","2","100","11.3","0.219","2.258","0.017708","128.1741",0,"surface",0.0362729830632501,0.4611285
"170",170,"K","-1.5","3","2","100","11.3","0.219","2.258","0.017708","128.1741",6.120625285,"surface",-0.107831938264954,1.2948215
"171",171,"L","1.06","-1.8","2","93.5","4.9","0.186","1.931","0.051672","113.1594",0,"core",-0.872198228128401,5.187796
"172",172,"R","-2.53","3","4","105","10.5","0.18","1.932","0.049211","156.1875",4.095254736,"surface",0.0569844695929659,0.867684
"173",173,"M","0.64","-1.3","2","94.1","5.7","0.221","2.034","0.002683","131.1986",0,"surface",-0.00251286091720363,2.602391
"174",174,"L","1.06","-1.8","2","93.5","4.9","0.186","1.931","0.051672","113.1594",1.647004622,"core",-0.725904756250028,4.494771
"175",175,"D","-0.9","3","4","40","13","0.105","1.587","-0.02382","115.0886",0,"surface",-1.04712585290818,2.4572355
"176",176,"L","1.06","-1.8","2","93.5","4.9","0.186","1.931","0.051672","113.1594",0,"core",-0.666684533388,4.762691
"177",177,"R","-2.53","3","4","105","10.5","0.18","1.932","0.049211","156.1875",0,"surface",-1.37971664105087,2.980418
"178",178,"H","-0.4","-0.5","4","79","10.4","0.23","2.025","-0.01069","137.1411",0,"surface",-1.44910026370927,-3.49999999999883e-05
"179",179,"N","-0.78","2","4","58.7","11.6","0.134","1.655","0.005392","114.1039",0,"core",-1.00355607490909,6.420597
"180",180,"K","-1.5","3","2","100","11.3","0.219","2.258","0.017708","128.1741",0,"surface",-1.0336958537794,0.193755
"181",181,"L","1.06","-1.8","2","93.5","4.9","0.186","1.931","0.051672","113.1594",0,"core",-0.920919523127248,3.4608535
"182",182,"R","-2.53","3","4","105","10.5","0.18","1.932","0.049211","156.1875",0,"surface",-0.813542421793744,-0.099813
"183",183,"E","-0.74","3","4","62","12.3","0.151","1.862","0.006802","129.1155",0,"surface",0.101289047462437,-0.016159
"184",184,"I","1.38","-1.8","2","93.5","5.2","0.186","1.81","0.021631","113.1594",0,"core",-0.769013019571667,2.3283825
"185",185,"P","0.12","0","2","41.9","8","0.131","1.468","0.239531","97.1167",0,"core",-0.191198000083922,6.8052445
"186",186,"S","-0.18","0.3","4","29.3","9.2","0.062","1.298","0.004627","87.0782",8.635645856,"surface",-0.0645841689258458,-0.3743
"187",187,"V","1.08","-1.5","2","71.5","5.9","0.14","1.645","0.057004","99.1326",0,"core",0.283513503989766,5.4402145
"188",188,"V","1.08","-1.5","2","71.5","5.9","0.14","1.645","0.057004","99.1326",1.647004622,"core",-0.566400054528563,3.619718
"189",189,"Y","0.26","-2.3","3","117.3","6.2","0.298","2.368","0.023599","163.176",0,"core",-0.234114703167574,2.910787
"190",190,"R","-2.53","3","4","105","10.5","0.18","1.932","0.049211","156.1875",0,"surface",0.129301649322126,0.763137
"191",191,"L","1.06","-1.8","2","93.5","4.9","0.186","1.931","0.051672","113.1594",1.647004622,"core",-0.288736496446103,3.8485825
"192",192,"D","-0.9","3","4","40","13","0.105","1.587","-0.02382","115.0886",7.589575353,"surface",-0.0251740065048311,-0.3584255
"193",193,"S","-0.18","0.3","4","29.3","9.2","0.062","1.298","0.004627","87.0782",1.402179611,"core",-0.115663175948768,0.947868
"194",194,"L","1.06","-1.8","2","93.5","4.9","0.186","1.931","0.051672","113.1594",0,"core",-0.936631023039186,4.665306
"195",195,"T","-0.05","-0.4","4","51.3","8.6","0.108","1.525","0.003352","101.1051",1.557977345,"surface",-0.382452047561133,0.04721
"196",196,"T","-0.05","-0.4","4","51.3","8.6","0.108","1.525","0.003352","101.1051",1.825059176,"surface",-0.396434023788119,0.5817175
"197",197,"L","1.06","-1.8","2","93.5","4.9","0.186","1.931","0.051672","113.1594",0,"core",-0.333388319529461,3.4451615
"198",198,"Y","0.26","-2.3","3","117.3","6.2","0.298","2.368","0.023599","163.176",2.626304668,"surface",-0.78639592571899,2.3552055
"199",199,"L","1.06","-1.8","2","93.5","4.9","0.186","1.931","0.051672","113.1594",0,"core",-0.43982436653547,3.8925975
"200",200,"R","-2.53","3","4","105","10.5","0.18","1.932","0.049211","156.1875",0,"surface",-1.34749908910489,-0.026186
"201",201,"F","1.19","-2.5","2","115.5","5.2","0.29","2.228","0.037552","147.1766",0,"surface",-1.03907713800735,0.5467815
"202",202,"N","-0.78","2","4","58.7","11.6","0.134","1.655","0.005392","114.1039",0,"core",-1.2931646486607,8.858587
"203",203,"R","-2.53","3","4","105","10.5","0.18","1.932","0.049211","156.1875",0,"surface",-1.4133059446546,0.627203
"204",204,"I","1.38","-1.8","2","93.5","5.2","0.186","1.81","0.021631","113.1594",0,"core",-0.800504095687535,4.933129
"205",205,"T","-0.05","-0.4","4","51.3","8.6","0.108","1.525","0.003352","101.1051",0,"surface",0.162953617721937,-0.154392
"206",206,"T","-0.05","-0.4","4","51.3","8.6","0.108","1.525","0.003352","101.1051",6.231909381,"surface",-0.177041299595847,0.085116
"207",207,"V","1.08","-1.5","2","71.5","5.9","0.14","1.645","0.057004","99.1326",0,"core",-0.614259425432015,2.396216
"208",208,"E","-0.74","3","4","62","12.3","0.151","1.862","0.006802","129.1155",0,"surface",0.0898233585922283,0.9847235
"209",209,"K","-1.5","3","2","100","11.3","0.219","2.258","0.017708","128.1741",1.669261441,"surface",0.0188621487305524,0.399754
"210",210,"D","-0.9","3","4","40","13","0.105","1.587","-0.02382","115.0886",1.71377508,"surface",-0.489099487791102,1.0529855
"211",211,"I","1.38","-1.8","2","93.5","5.2","0.186","1.81","0.021631","113.1594",0.778988673,"core",-0.736290234710108,3.008375
"212",212,"K","-1.5","3","2","100","11.3","0.219","2.258","0.017708","128.1741",6.142882104,"surface",0.0683829354823159,1.9197595
"213",213,"N","-0.78","2","4","58.7","11.6","0.134","1.655","0.005392","114.1039",7.38926398,"surface",-0.34778062986296,1.1002945
"214",214,"L","1.06","-1.8","2","93.5","4.9","0.186","1.931","0.051672","113.1594",0,"core",-0.675430579808826,4.6677775
"215",215,"S","-0.18","0.3","4","29.3","9.2","0.062","1.298","0.004627","87.0782",1.936343272,"surface",-0.0803224833934179,0.850521
"216",216,"K","-1.5","3","2","100","11.3","0.219","2.258","0.017708","128.1741",3.227238786,"surface",-0.0164092625046151,0.5838625
"217",217,"L","1.06","-1.8","2","93.5","4.9","0.186","1.931","0.051672","113.1594",0,"core",-0.747252695138066,4.426064
"218",218,"S","-0.18","0.3","4","29.3","9.2","0.062","1.298","0.004627","87.0782",5.653232081,"surface",0.0758806910765,0.013595
"219",219,"M","0.64","-1.3","2","94.1","5.7","0.221","2.034","0.002683","131.1986",1.669261441,"surface",-0.0741095615774138,1.2508045
"220",220,"L","1.06","-1.8","2","93.5","4.9","0.186","1.931","0.051672","113.1594",0,"core",-0.409083817320327,2.980072
"221",221,"S","-0.18","0.3","4","29.3","9.2","0.062","1.298","0.004627","87.0782",1.557977345,"core",-0.715411185223205,-1.0866185
"222",222,"I","1.38","-1.8","2","93.5","5.2","0.186","1.81","0.021631","113.1594",0,"core",-0.674852057873432,2.8102835
"223",223,"R","-2.53","3","4","105","10.5","0.18","1.932","0.049211","156.1875",0,"surface",-1.3208886611894,3.1972105
"224",224,"E","-0.74","3","4","62","12.3","0.151","1.862","0.006802","129.1155",0,"surface",0.0519290366514002,1.0586595
"225",225,"N","-0.78","2","4","58.7","11.6","0.134","1.655","0.005392","114.1039",0,"core",-1.06485431387104,8.5077155
"226",226,"K","-1.5","3","2","100","11.3","0.219","2.258","0.017708","128.1741",0,"surface",-0.92952642360121,0.1787995
"227",227,"I","1.38","-1.8","2","93.5","5.2","0.186","1.81","0.021631","113.1594",0,"core",-0.665739598734406,4.1581915
"228",228,"K","-1.5","3","2","100","11.3","0.219","2.258","0.017708","128.1741",0,"surface",-0.299666828032217,0.011236
"229",229,"Q","-0.85","0.2","4","80.7","10.5","0.18","1.932","0.049211","128.1307",1.870584488,"surface",-0.0797107311961932,0.143645
"230",230,"L","1.06","-1.8","2","93.5","4.9","0.186","1.931","0.051672","113.1594",0,"core",-0.704515624502014,3.3546885
"231",231,"P","0.12","0","2","41.9","8","0.131","1.468","0.239531","97.1167",0,"surface",-0.459220371170296,3.457081
"232",232,"A","0.62","-0.5","2","27.5","8.1","0.046","1.181","0.007187","71.0788",0,"surface",0.303109685167504,0.202723
"233",233,"E","-0.74","3","4","62","12.3","0.151","1.862","0.006802","129.1155",2.175098242,"surface",0.0174756592330923,1.4367565
"234",234,"I","1.38","-1.8","2","93.5","5.2","0.186","1.81","0.021631","113.1594",0,"core",-0.50178120410468,2.933031
"235",235,"G","0.48","0","2","0","9","0","0.881","0.179052","57.0519",0,"core",-0.0311655873268533,4.4151065
"236",236,"E","-0.74","3","4","62","12.3","0.151","1.862","0.006802","129.1155",0,"surface",-0.115316969424247,-0.3360445
"237",237,"L","1.06","-1.8","2","93.5","4.9","0.186","1.931","0.051672","113.1594",0,"core",-0.207215840198854,4.707491
"238",238,"C","0.29","-1","2","44.6","5.5","0.128","1.461","-0.03661","103.1388",0,"surface",0.189926050099911,-0.000153499999999999
"239",239,"N","-0.78","2","4","58.7","11.6","0.134","1.655","0.005392","114.1039",3.338522883,"surface",0.303461561824672,1.0474755
"240",240,"L","1.06","-1.8","2","93.5","4.9","0.186","1.931","0.051672","113.1594",0,"core",-0.544645218060712,4.7769725
"241",241,"I","1.38","-1.8","2","93.5","5.2","0.186","1.81","0.021631","113.1594",1.647004622,"surface",-0.299655216089719,0.604025
"242",242,"T","-0.05","-0.4","4","51.3","8.6","0.108","1.525","0.003352","101.1051",0,"surface",-0.21115811891259,-0.567221
"243",243,"L","1.06","-1.8","2","93.5","4.9","0.186","1.931","0.051672","113.1594",0,"core",-0.674838902618276,3.0495895
"244",244,"D","-0.9","3","4","40","13","0.105","1.587","-0.02382","115.0886",0,"surface",-1.2416943398344,0.497828
"245",245,"V","1.08","-1.5","2","71.5","5.9","0.14","1.645","0.057004","99.1326",0,"core",-0.379629144809905,3.3913885
"246",246,"A","0.62","-0.5","2","27.5","8.1","0.046","1.181","0.007187","71.0788",0,"core",0.0477061021355855,9.010124
"247",247,"H","-0.4","-0.5","4","79","10.4","0.23","2.025","-0.01069","137.1411",0,"surface",-0.733363968099009,2.116546
"248",248,"N","-0.78","2","4","58.7","11.6","0.134","1.655","0.005392","114.1039",0,"core",-0.452248865020768,9.4110615
"249",249,"Q","-0.85","0.2","4","80.7","10.5","0.18","1.932","0.049211","128.1307",0,"surface",-0.300236556805264,0.2485565
"250",250,"L","1.06","-1.8","2","93.5","4.9","0.186","1.931","0.051672","113.1594",0,"core",-0.612080295759256,3.750097
"251",251,"E","-0.74","3","4","62","12.3","0.151","1.862","0.006802","129.1155",0,"surface",0.208820116846549,0.774962
"252",252,"H","-0.4","-0.5","4","79","10.4","0.23","2.025","-0.01069","137.1411",0,"surface",-0.082395675370135,0.410044
"253",253,"L","1.06","-1.8","2","93.5","4.9","0.186","1.931","0.051672","113.1594",0,"core",-0.570499386680517,3.662869
"254",254,"P","0.12","0","2","41.9","8","0.131","1.468","0.239531","97.1167",0,"surface",-0.138380224963936,4.071602
"255",255,"K","-1.5","3","2","100","11.3","0.219","2.258","0.017708","128.1741",1.669261441,"surface",0.167865465752569,0.228704
"256",256,"E","-0.74","3","4","62","12.3","0.151","1.862","0.006802","129.1155",0,"surface",-0.235040606296698,1.4125285
"257",257,"I","1.38","-1.8","2","93.5","5.2","0.186","1.81","0.021631","113.1594",0,"core",-0.548270740248014,3.1880985
"258",258,"G","0.48","0","2","0","9","0","0.881","0.179052","57.0519",0,"core",0.384164663880882,2.3288615
"259",259,"N","-0.78","2","4","58.7","11.6","0.134","1.655","0.005392","114.1039",3.605604713,"surface",-0.167101647084699,0.4767065
"260",260,"C","0.29","-1","2","44.6","5.5","0.128","1.461","-0.03661","103.1388",0,"core",-0.21155236518222,6.1262435
"261",261,"T","-0.05","-0.4","4","51.3","8.6","0.108","1.525","0.003352","101.1051",4.629418397,"surface",-0.15983309720392,-0.4875255
"262",262,"Q","-0.85","0.2","4","80.7","10.5","0.18","1.932","0.049211","128.1307",1.290895515,"surface",0.044038977676922,0.5665985
"263",263,"I","1.38","-1.8","2","93.5","5.2","0.186","1.81","0.021631","113.1594",0,"core",-0.762736977719805,6.04308
"264",264,"T","-0.05","-0.4","4","51.3","8.6","0.108","1.525","0.003352","101.1051",1.825059176,"surface",0.00640965739837149,0.435819
"265",265,"N","-0.78","2","4","58.7","11.6","0.134","1.655","0.005392","114.1039",1.891299709,"surface",-0.373851771329241,-0.036924
"266",266,"L","1.06","-1.8","2","93.5","4.9","0.186","1.931","0.051672","113.1594",0,"core",-1.13148576522667,4.0169555
"267",267,"D","-0.9","3","4","40","13","0.105","1.587","-0.02382","115.0886",0,"core",-0.0767466873447058,2.0435195
"268",268,"L","1.06","-1.8","2","93.5","4.9","0.186","1.931","0.051672","113.1594",0,"core",-0.794216684081134,4.158842
"269",269,"Q","-0.85","0.2","4","80.7","10.5","0.18","1.932","0.049211","128.1307",0,"surface",-0.0603438201257574,3.118888
"270",270,"H","-0.4","-0.5","4","79","10.4","0.23","2.025","-0.01069","137.1411",0,"surface",-0.484706903788556,0.819334
"271",271,"N","-0.78","2","4","58.7","11.6","0.134","1.655","0.005392","114.1039",0,"core",-0.966492973584924,8.0604425
"272",272,"E","-0.74","3","4","62","12.3","0.151","1.862","0.006802","129.1155",1.595072044,"surface",0.737627289895704,0.6090665
"273",273,"L","1.06","-1.8","2","93.5","4.9","0.186","1.931","0.051672","113.1594",0,"core",-0.853751105710529,3.7576525
"274",274,"L","1.06","-1.8","2","93.5","4.9","0.186","1.931","0.051672","113.1594",0,"surface",0.180489784958499,1.0415785
"275",275,"D","-0.9","3","4","40","13","0.105","1.587","-0.02382","115.0886",0,"surface",0.160211628571826,0.7110765
"276",276,"L","1.06","-1.8","2","93.5","4.9","0.186","1.931","0.051672","113.1594",0,"core",-0.779562833667138,4.2892225
"277",277,"P","0.12","0","2","41.9","8","0.131","1.468","0.239531","97.1167",0,"surface",-0.133700238351403,4.2025695
"278",278,"D","-0.9","3","4","40","13","0.105","1.587","-0.02382","115.0886",5.10423054,"surface",-0.20761332710393,0.315546
"279",279,"T","-0.05","-0.4","4","51.3","8.6","0.108","1.525","0.003352","101.1051",1.412778096,"surface",0.0566970505918041,-0.243103
"280",280,"I","1.38","-1.8","2","93.5","5.2","0.186","1.81","0.021631","113.1594",0,"core",-0.846592838993265,3.3504855
"281",281,"G","0.48","0","2","0","9","0","0.881","0.179052","57.0519",2.334251772,"core",-0.277202519904658,5.385846
"282",282,"N","-0.78","2","4","58.7","11.6","0.134","1.655","0.005392","114.1039",0,"surface",-0.296163411928753,0.375732
"283",283,"L","1.06","-1.8","2","93.5","4.9","0.186","1.931","0.051672","113.1594",0,"core",-0.728644662806709,4.0903435
"284",284,"S","-0.18","0.3","4","29.3","9.2","0.062","1.298","0.004627","87.0782",3.314637516,"surface",-0.211476119596029,-0.237113
"285",285,"S","-0.18","0.3","4","29.3","9.2","0.062","1.298","0.004627","87.0782",0,"surface",-0.0366354007536577,0.0305735
"286",286,"L","1.06","-1.8","2","93.5","4.9","0.186","1.931","0.051672","113.1594",0.887015673,"core",-1.01295110059276,5.0265665
"287",287,"S","-0.18","0.3","4","29.3","9.2","0.062","1.298","0.004627","87.0782",7.002755315,"surface",-0.209286568816286,0.152528
"288",288,"R","-2.53","3","4","105","10.5","0.18","1.932","0.049211","156.1875",2.030799041,"surface",-1.35582605244612,0.5252975
"289",289,"L","1.06","-1.8","2","93.5","4.9","0.186","1.931","0.051672","113.1594",0,"core",-0.590573288489402,3.1323945
"290",290,"G","0.48","0","2","0","9","0","0.881","0.179052","57.0519",0,"core",-0.82313195083431,4.9360035
"291",291,"L","1.06","-1.8","2","93.5","4.9","0.186","1.931","0.051672","113.1594",0,"core",-0.562538947517466,4.0521925
"292",292,"R","-2.53","3","4","105","10.5","0.18","1.932","0.049211","156.1875",0,"surface",-0.818621314720114,2.503723
"293",293,"Y","0.26","-2.3","3","117.3","6.2","0.298","2.368","0.023599","163.176",0,"surface",-1.19025564255788,2.146334
"294",294,"N","-0.78","2","4","58.7","11.6","0.134","1.655","0.005392","114.1039",0,"core",-1.03474403981633,11.1866145
"295",295,"R","-2.53","3","4","105","10.5","0.18","1.932","0.049211","156.1875",0,"surface",-0.504007756454317,1.323769
"296",296,"L","1.06","-1.8","2","93.5","4.9","0.186","1.931","0.051672","113.1594",0,"core",-0.805317753126513,3.834257
"297",297,"S","-0.18","0.3","4","29.3","9.2","0.062","1.298","0.004627","87.0782",0,"surface",-0.187952077347716,-0.1551155
"298",298,"A","0.62","-0.5","2","27.5","8.1","0.046","1.181","0.007187","71.0788",0,"surface",0.0623056338716606,-0.215554
"299",299,"I","1.38","-1.8","2","93.5","5.2","0.186","1.81","0.021631","113.1594",0.81698812,"core",-0.761664852707824,4.4211685
"300",300,"P","0.12","0","2","41.9","8","0.131","1.468","0.239531","97.1167",0,"surface",-0.311029161117344,4.215431
"301",301,"R","-2.53","3","4","105","10.5","0.18","1.932","0.049211","156.1875",4.551790955,"surface",0.200397401819993,-0.425492
"302",302,"S","-0.18","0.3","4","29.3","9.2","0.062","1.298","0.004627","87.0782",0,"surface",-0.105334774658089,0.2561605
"303",303,"L","1.06","-1.8","2","93.5","4.9","0.186","1.931","0.051672","113.1594",0,"core",-0.867578210867028,3.793493
"304",304,"A","0.62","-0.5","2","27.5","8.1","0.046","1.181","0.007187","71.0788",1.657318758,"surface",-0.101214340742943,0.6599375
"305",305,"K","-1.5","3","2","100","11.3","0.219","2.258","0.017708","128.1741",1.890743935,"surface",0.14575704312846,0.5083705
"306",306,"C","0.29","-1","2","44.6","5.5","0.128","1.461","-0.03661","103.1388",0,"core",-0.613617668722544,6.696811
"307",307,"S","-0.18","0.3","4","29.3","9.2","0.062","1.298","0.004627","87.0782",1.914086453,"surface",-0.216145710056303,0.220643
"308",308,"A","0.62","-0.5","2","27.5","8.1","0.046","1.181","0.007187","71.0788",3.641432764,"surface",-0.279591273390873,0.0476885
"309",309,"L","1.06","-1.8","2","93.5","4.9","0.186","1.931","0.051672","113.1594",0,"core",-0.900795738359726,3.4153535
"310",310,"E","-0.74","3","4","62","12.3","0.151","1.862","0.006802","129.1155",3.431350104,"surface",-0.242966132794444,-0.005137
"311",311,"E","-0.74","3","4","62","12.3","0.151","1.862","0.006802","129.1155",0,"surface",-0.482538883819346,-0.284832
"312",312,"L","1.06","-1.8","2","93.5","4.9","0.186","1.931","0.051672","113.1594",0,"core",-0.758583356962715,3.290141
"313",313,"N","-0.78","2","4","58.7","11.6","0.134","1.655","0.005392","114.1039",0,"surface",-0.927384515106626,0.520181
"314",314,"L","1.06","-1.8","2","93.5","4.9","0.186","1.931","0.051672","113.1594",0,"core",-0.818072910295711,4.1395515
"315",315,"E","-0.74","3","4","62","12.3","0.151","1.862","0.006802","129.1155",0,"surface",-0.825273413689671,1.318506
"316",316,"N","-0.78","2","4","58.7","11.6","0.134","1.655","0.005392","114.1039",0,"surface",-1.11224091146797,2.9216015
"317",317,"N","-0.78","2","4","58.7","11.6","0.134","1.655","0.005392","114.1039",0,"surface",-0.8319451036245,7.658971
"318",318,"N","-0.78","2","4","58.7","11.6","0.134","1.655","0.005392","114.1039",2.170854148,"surface",0.0677463381791846,0.3402945
"319",319,"I","1.38","-1.8","2","93.5","5.2","0.186","1.81","0.021631","113.1594",0,"core",-0.776193864997249,5.2556275
"320",320,"S","-0.18","0.3","4","29.3","9.2","0.062","1.298","0.004627","87.0782",0,"surface",-0.282439405015196,-0.092016
"321",321,"T","-0.05","-0.4","4","51.3","8.6","0.108","1.525","0.003352","101.1051",4.925271238,"surface",-0.202923077241453,-0.0119605
"322",322,"L","1.06","-1.8","2","93.5","4.9","0.186","1.931","0.051672","113.1594",0,"core",-0.895451823867509,3.3202145
"323",323,"P","0.12","0","2","41.9","8","0.131","1.468","0.239531","97.1167",0,"surface",-0.76777684583674,3.7553195
"324",324,"E","-0.74","3","4","62","12.3","0.151","1.862","0.006802","129.1155",0,"surface",0.0563830955846113,0.472612
"325",325,"S","-0.18","0.3","4","29.3","9.2","0.062","1.298","0.004627","87.0782",3.486371753,"surface",-0.172846850531869,-0.1980495
"326",326,"L","1.06","-1.8","2","93.5","4.9","0.186","1.931","0.051672","113.1594",0,"core",-0.925791215424348,3.474616
"327",327,"L","1.06","-1.8","2","93.5","4.9","0.186","1.931","0.051672","113.1594",2.278674348,"core",-0.797252442128595,2.5345585
"328",328,"S","-0.18","0.3","4","29.3","9.2","0.062","1.298","0.004627","87.0782",1.709005761,"surface",-0.0418289772047217,-0.109963
"329",329,"S","-0.18","0.3","4","29.3","9.2","0.062","1.298","0.004627","87.0782",0,"surface",-0.510427942256498,0.506564
"330",330,"L","1.06","-1.8","2","93.5","4.9","0.186","1.931","0.051672","113.1594",0,"core",-0.771821234439081,3.1176535
"331",331,"V","1.08","-1.5","2","71.5","5.9","0.14","1.645","0.057004","99.1326",1.184910661,"surface",-0.110303228470632,-0.345869
"332",332,"K","-1.5","3","2","100","11.3","0.219","2.258","0.017708","128.1741",9.502072033,"surface",-0.43400275944436,0.5695745
"333",333,"L","1.06","-1.8","2","93.5","4.9","0.186","1.931","0.051672","113.1594",1.686219018,"core",-0.936580537387117,5.4192805
"334",334,"N","-0.78","2","4","58.7","11.6","0.134","1.655","0.005392","114.1039",3.782599418,"surface",-0.491691979823037,-0.055904
"335",335,"S","-0.18","0.3","4","29.3","9.2","0.062","1.298","0.004627","87.0782",0,"surface",-0.297947386023143,0.302022
"336",336,"L","1.06","-1.8","2","93.5","4.9","0.186","1.931","0.051672","113.1594",0,"core",-0.641352825108653,3.857528
"337",337,"T","-0.05","-0.4","4","51.3","8.6","0.108","1.525","0.003352","101.1051",0,"core",-0.631546657300498,-0.2144785
"338",338,"L","1.06","-1.8","2","93.5","4.9","0.186","1.931","0.051672","113.1594",0,"core",-1.05294055884674,3.851315
"339",339,"A","0.62","-0.5","2","27.5","8.1","0.046","1.181","0.007187","71.0788",0,"core",-1.06517607923917,4.118496
"340",340,"R","-2.53","3","4","105","10.5","0.18","1.932","0.049211","156.1875",0,"surface",-0.929909471855661,2.168761
"341",341,"N","-0.78","2","4","58.7","11.6","0.134","1.655","0.005392","114.1039",0,"core",-0.951561910351663,6.9123425
"342",342,"C","0.29","-1","2","44.6","5.5","0.128","1.461","-0.03661","103.1388",0,"surface",-0.111720053247539,0.3860045
"343",343,"F","1.19","-2.5","2","115.5","5.2","0.29","2.228","0.037552","147.1766",0,"core",-0.978527646299501,3.617239
"344",344,"Q","-0.85","0.2","4","80.7","10.5","0.18","1.932","0.049211","128.1307",0,"surface",-0.258168346855618,0.393856
"345",345,"L","1.06","-1.8","2","93.5","4.9","0.186","1.931","0.051672","113.1594",1.845726222,"surface",-0.0392712898905026,0.4018455
"346",346,"Y","0.26","-2.3","3","117.3","6.2","0.298","2.368","0.023599","163.176",0,"core",-0.654937501791717,3.7244225
"347",347,"P","0.12","0","2","41.9","8","0.131","1.468","0.239531","97.1167",0,"core",-0.798910447742988,3.937843
"348",348,"V","1.08","-1.5","2","71.5","5.9","0.14","1.645","0.057004","99.1326",4.010466853,"surface",0.096396192821706,-0.1563355
"349",349,"G","0.48","0","2","0","9","0","0.881","0.179052","57.0519",0,"surface",-0.423935071827241,3.791298
"350",350,"G","0.48","0","2","0","9","0","0.881","0.179052","57.0519",0,"surface",-0.151499287102069,0.0350615
"351",351,"P","0.12","0","2","41.9","8","0.131","1.468","0.239531","97.1167",0,"surface",-0.504688371218115,0.407838
"352",352,"S","-0.18","0.3","4","29.3","9.2","0.062","1.298","0.004627","87.0782",0,"surface",-0.116800004909941,-0.300403
"353",353,"Q","-0.85","0.2","4","80.7","10.5","0.18","1.932","0.049211","128.1307",0,"core",-0.23370786008005,0.2418745
"354",354,"F","1.19","-2.5","2","115.5","5.2","0.29","2.228","0.037552","147.1766",0,"core",-0.673593066353208,3.6913605
"355",355,"S","-0.18","0.3","4","29.3","9.2","0.062","1.298","0.004627","87.0782",0,"surface",-0.0783756963702452,2.302597
"356",356,"T","-0.05","-0.4","4","51.3","8.6","0.108","1.525","0.003352","101.1051",0,"surface",-0.205617290523913,0.2540845
"357",357,"I","1.38","-1.8","2","93.5","5.2","0.186","1.81","0.021631","113.1594",0,"core",-0.642040541331843,3.9130795
"358",358,"Y","0.26","-2.3","3","117.3","6.2","0.298","2.368","0.023599","163.176",0,"surface",0.0256385709745619,1.474564
"359",359,"S","-0.18","0.3","4","29.3","9.2","0.062","1.298","0.004627","87.0782",2.574902014,"surface",-0.158177390334594,0.009737
"360",360,"L","1.06","-1.8","2","93.5","4.9","0.186","1.931","0.051672","113.1594",0,"core",-0.664015068838034,4.1554575
"361",361,"N","-0.78","2","4","58.7","11.6","0.134","1.655","0.005392","114.1039",0,"surface",-0.78141144478381,0.681966
"362",362,"M","0.64","-1.3","2","94.1","5.7","0.221","2.034","0.002683","131.1986",0.06836023,"core",-0.401248246220828,4.020832
"363",363,"E","-0.74","3","4","62","12.3","0.151","1.862","0.006802","129.1155",0,"surface",-0.536632850956088,1.6220755
"364",364,"H","-0.4","-0.5","4","79","10.4","0.23","2.025","-0.01069","137.1411",0,"surface",-0.152600034415464,1.771713
"365",365,"N","-0.78","2","4","58.7","11.6","0.134","1.655","0.005392","114.1039",0,"core",-0.896232394318237,7.6137095
"366",366,"R","-2.53","3","4","105","10.5","0.18","1.932","0.049211","156.1875",2.233100861,"surface",-0.0169171694562331,0.4498805
"367",367,"I","1.38","-1.8","2","93.5","5.2","0.186","1.81","0.021631","113.1594",0,"core",-0.989346340911486,4.760702
"368",368,"N","-0.78","2","4","58.7","11.6","0.134","1.655","0.005392","114.1039",1.777365992,"surface",-0.235629645645587,-0.347591
"369",369,"K","-1.5","3","2","100","11.3","0.219","2.258","0.017708","128.1741",0,"surface",0.390783510309994,0.230546
"370",370,"I","1.38","-1.8","2","93.5","5.2","0.186","1.81","0.021631","113.1594",0,"core",-0.901982742787656,4.106885
"371",371,"P","0.12","0","2","41.9","8","0.131","1.468","0.239531","97.1167",0,"surface",-1.14759450781519,2.357578
"372",372,"F","1.19","-2.5","2","115.5","5.2","0.29","2.228","0.037552","147.1766",0,"surface",-0.570691323480636,0.3643185
"373",373,"G","0.48","0","2","0","9","0","0.881","0.179052","57.0519",0,"core",-0.581954582757443,2.959565
"374",374,"I","1.38","-1.8","2","93.5","5.2","0.186","1.81","0.021631","113.1594",0,"core",-0.501988782500334,3.358031
"375",375,"F","1.19","-2.5","2","115.5","5.2","0.29","2.228","0.037552","147.1766",0,"core",-0.742108874831476,4.6273965
"376",376,"S","-0.18","0.3","4","29.3","9.2","0.062","1.298","0.004627","87.0782",0,"surface",-0.505929631268124,0.4894635
"377",377,"R","-2.53","3","4","105","10.5","0.18","1.932","0.049211","156.1875",0,"surface",NA,0.599339
"378",378,"A","0.62","-0.5","2","27.5","8.1","0.046","1.181","0.007187","71.0788",0,"core",NA,9.139029
"379",379,"K","-1.5","3","2","100","11.3","0.219","2.258","0.017708","128.1741",0,"surface",0.286531353843396,0.5475915
"380",380,"V","1.08","-1.5","2","71.5","5.9","0.14","1.645","0.057004","99.1326",0,"surface",-0.0688087507211916,-0.0116285
"381",381,"L","1.06","-1.8","2","93.5","4.9","0.186","1.931","0.051672","113.1594",0,"core",-0.52168174569921,4.962098
"382",382,"S","-0.18","0.3","4","29.3","9.2","0.062","1.298","0.004627","87.0782",0,"surface",-0.00793353571192383,0.0208655
"383",383,"K","-1.5","3","2","100","11.3","0.219","2.258","0.017708","128.1741",0,"surface",0.165152707863861,0.984098
"384",384,"L","1.06","-1.8","2","93.5","4.9","0.186","1.931","0.051672","113.1594",0,"core",-0.651277092061093,4.721445
"385",385,"N","-0.78","2","4","58.7","11.6","0.134","1.655","0.005392","114.1039",0,"surface",-0.53797411178548,1.1531565
"386",386,"M","0.64","-1.3","2","94.1","5.7","0.221","2.034","0.002683","131.1986",2.278674348,"core",-0.890072131322907,4.3133165
"387",387,"K","-1.5","3","2","100","11.3","0.219","2.258","0.017708","128.1741",4.215547545,"surface",0.366419445819474,1.7069365
"388",388,"D","-0.9","3","4","40","13","0.105","1.587","-0.02382","115.0886",0,"surface",-0.77873797861306,1.8358095
"389",389,"N","-0.78","2","4","58.7","11.6","0.134","1.655","0.005392","114.1039",0,"core",-1.01449194621023,8.4496175
"390",390,"Q","-0.85","0.2","4","80.7","10.5","0.18","1.932","0.049211","128.1307",0,"surface",-0.0540529731969063,0.6673335
"391",391,"L","1.06","-1.8","2","93.5","4.9","0.186","1.931","0.051672","113.1594",0,"core",-0.835874517039604,4.343453
"392",392,"T","-0.05","-0.4","4","51.3","8.6","0.108","1.525","0.003352","101.1051",0,"surface",0.0907510197583869,-0.302462
"393",393,"S","-0.18","0.3","4","29.3","9.2","0.062","1.298","0.004627","87.0782",2.225681922,"surface",0.252479341682629,0.735731
"394",394,"L","1.06","-1.8","2","93.5","4.9","0.186","1.931","0.051672","113.1594",0,"core",-0.846404751041499,3.4465225
"395",395,"P","0.12","0","2","41.9","8","0.131","1.468","0.239531","97.1167",0,"core",-1.30366478492136,8.430931
"396",396,"L","1.06","-1.8","2","93.5","4.9","0.186","1.931","0.051672","113.1594",0,"surface",-0.39352677465191,0.2887155
"397",397,"D","-0.9","3","4","40","13","0.105","1.587","-0.02382","115.0886",0,"core",-1.15329842637765,-0.085277
"398",398,"F","1.19","-2.5","2","115.5","5.2","0.29","2.228","0.037552","147.1766",1.71377508,"core",-0.590373253217224,4.2966435
"399",399,"G","0.48","0","2","0","9","0","0.881","0.179052","57.0519",0,"surface",-0.511656457700436,3.2398305
"400",400,"T","-0.05","-0.4","4","51.3","8.6","0.108","1.525","0.003352","101.1051",0,"surface",-0.483310693154142,-0.0047965
"401",401,"W","0.81","-3.4","3","145.5","5.4","0.409","2.663","0.037977","186.2132",0,"core",-0.651987677216735,4.51222
"402",402,"T","-0.05","-0.4","4","51.3","8.6","0.108","1.525","0.003352","101.1051",0,"surface",-0.0597057328314626,-0.424742
"403",403,"S","-0.18","0.3","4","29.3","9.2","0.062","1.298","0.004627","87.0782",0,"surface",-0.0817579080382455,0.6270075
"404",404,"M","0.64","-1.3","2","94.1","5.7","0.221","2.034","0.002683","131.1986",0,"core",-0.561823715698168,4.358776
"405",405,"V","1.08","-1.5","2","71.5","5.9","0.14","1.645","0.057004","99.1326",0,"surface",-0.285755369478959,0.9592745
"406",406,"E","-0.74","3","4","62","12.3","0.151","1.862","0.006802","129.1155",0,"surface",-0.766208631608502,-0.240487
"407",407,"L","1.06","-1.8","2","93.5","4.9","0.186","1.931","0.051672","113.1594",0,"core",-0.407445097226697,4.3348565
"408",408,"N","-0.78","2","4","58.7","11.6","0.134","1.655","0.005392","114.1039",0,"surface",-0.363507865870568,1.3983395
"409",409,"L","1.06","-1.8","2","93.5","4.9","0.186","1.931","0.051672","113.1594",0,"core",-0.76334019673877,3.568725
"410",410,"A","0.62","-0.5","2","27.5","8.1","0.046","1.181","0.007187","71.0788",0,"core",-0.32885375838944,2.699603
"411",411,"T","-0.05","-0.4","4","51.3","8.6","0.108","1.525","0.003352","101.1051",0,"surface",0.838578707225159,-1.8949615
"412",412,"N","-0.78","2","4","58.7","11.6","0.134","1.655","0.005392","114.1039",0,"core",-1.02012499783315,6.9079485
"413",413,"Q","-0.85","0.2","4","80.7","10.5","0.18","1.932","0.049211","128.1307",0,"surface",0.00871598411979354,0.700045
"414",414,"L","1.06","-1.8","2","93.5","4.9","0.186","1.931","0.051672","113.1594",1.535720526,"core",-0.970250349285799,3.384219
"415",415,"T","-0.05","-0.4","4","51.3","8.6","0.108","1.525","0.003352","101.1051",6.588018488,"surface",0.291838560167731,-0.300595
"416",416,"K","-1.5","3","2","100","11.3","0.219","2.258","0.017708","128.1741",0,"surface",0.0495306723936113,0.342823
"417",417,"I","1.38","-1.8","2","93.5","5.2","0.186","1.81","0.021631","113.1594",0.778988673,"core",-0.745322756435346,2.392545
"418",418,"P","0.12","0","2","41.9","8","0.131","1.468","0.239531","97.1167",2.025370549,"surface",-0.318817020988401,2.739804
"419",419,"E","-0.74","3","4","62","12.3","0.151","1.862","0.006802","129.1155",0,"surface",-0.535692520416003,0.4125105
"420",420,"D","-0.9","3","4","40","13","0.105","1.587","-0.02382","115.0886",0,"surface",-0.594505162955646,-0.1366345
"421",421,"V","1.08","-1.5","2","71.5","5.9","0.14","1.645","0.057004","99.1326",0.868015949,"core",-0.762445114703419,2.2903655
"422",422,"S","-0.18","0.3","4","29.3","9.2","0.062","1.298","0.004627","87.0782",2.047627368,"surface",-0.264528575817451,-0.126365
"423",423,"G","0.48","0","2","0","9","0","0.881","0.179052","57.0519",0,"surface",-0.252088769581344,4.350896
"424",424,"L","1.06","-1.8","2","93.5","4.9","0.186","1.931","0.051672","113.1594",0,"core",-0.636621570851248,5.544602
"425",425,"V","1.08","-1.5","2","71.5","5.9","0.14","1.645","0.057004","99.1326",3.605604713,"surface",-0.250003172463114,-0.082748
"426",426,"S","-0.18","0.3","4","29.3","9.2","0.062","1.298","0.004627","87.0782",0,"surface",-0.170420653215126,0.036149
"427",427,"L","1.06","-1.8","2","93.5","4.9","0.186","1.931","0.051672","113.1594",1.535720526,"core",-0.61415766912445,5.18264
"428",428,"E","-0.74","3","4","62","12.3","0.151","1.862","0.006802","129.1155",0,"surface",0.138406553066595,0.4574435
"429",429,"V","1.08","-1.5","2","71.5","5.9","0.14","1.645","0.057004","99.1326",0,"core",-0.28755183451764,1.3480485
"430",430,"L","1.06","-1.8","2","93.5","4.9","0.186","1.931","0.051672","113.1594",0,"core",-0.544604180080602,2.756313
"431",431,"I","1.38","-1.8","2","93.5","5.2","0.186","1.81","0.021631","113.1594",0,"surface",0.063872984084324,1.726129
"432",432,"L","1.06","-1.8","2","93.5","4.9","0.186","1.931","0.051672","113.1594",0,"core",-0.781171503654296,3.006041
"433",433,"S","-0.18","0.3","4","29.3","9.2","0.062","1.298","0.004627","87.0782",0,"surface",-0.293590669521963,1.227615
"434",434,"N","-0.78","2","4","58.7","11.6","0.134","1.655","0.005392","114.1039",0,"surface",0.487755607749391,1.197557
"435",435,"N","-0.78","2","4","58.7","11.6","0.134","1.655","0.005392","114.1039",0,"core",-0.963686814204175,7.4355175
"436",436,"L","1.06","-1.8","2","93.5","4.9","0.186","1.931","0.051672","113.1594",1.609572699,"surface",0.0233304589197824,0.905853
"437",437,"L","1.06","-1.8","2","93.5","4.9","0.186","1.931","0.051672","113.1594",0,"core",-0.367929851123255,3.607542
"438",438,"K","-1.5","3","2","100","11.3","0.219","2.258","0.017708","128.1741",1.326809927,"surface",0.130296923043861,0.3761555
"439",439,"K","-1.5","3","2","100","11.3","0.219","2.258","0.017708","128.1741",3.088639503,"surface",-0.0513226730724133,-0.00754299999999999
"440",440,"L","1.06","-1.8","2","93.5","4.9","0.186","1.931","0.051672","113.1594",0,"core",-0.82884560919959,3.5777505
"441",441,"P","0.12","0","2","41.9","8","0.131","1.468","0.239531","97.1167",0,"core",-0.723214045360027,6.09332
"442",442,"H","-0.4","-0.5","4","79","10.4","0.23","2.025","-0.01069","137.1411",0,"surface",0.0181876995235639,-0.042881
"443",443,"G","0.48","0","2","0","9","0","0.881","0.179052","57.0519",0,"surface",-0.306841270162067,4.053023
"444",444,"L","1.06","-1.8","2","93.5","4.9","0.186","1.931","0.051672","113.1594",0.826537332,"core",-0.549094350542962,2.8861295
"445",445,"G","0.48","0","2","0","9","0","0.881","0.179052","57.0519",0,"core",-0.122348131217937,3.8068085
"446",446,"N","-0.78","2","4","58.7","11.6","0.134","1.655","0.005392","114.1039",1.696576629,"surface",-0.138178621719862,1.799597
"447",447,"L","1.06","-1.8","2","93.5","4.9","0.186","1.931","0.051672","113.1594",0,"core",-0.36166570665448,4.1561955
"448",448,"R","-2.53","3","4","105","10.5","0.18","1.932","0.049211","156.1875",0,"surface",-0.0294349125800729,0.5774105
"449",449,"K","-1.5","3","2","100","11.3","0.219","2.258","0.017708","128.1741",0,"surface",-0.295934572474457,0.715859
"450",450,"L","1.06","-1.8","2","93.5","4.9","0.186","1.931","0.051672","113.1594",0,"core",-0.622107125966791,5.7865765
"451",451,"R","-2.53","3","4","105","10.5","0.18","1.932","0.049211","156.1875",0,"surface",-0.192835390987149,1.9427755
"452",452,"E","-0.74","3","4","62","12.3","0.151","1.862","0.006802","129.1155",0,"surface",-0.2913956497434,-0.2143835
"453",453,"L","1.06","-1.8","2","93.5","4.9","0.186","1.931","0.051672","113.1594",0,"core",-0.542692572564357,3.6335145
"454",454,"D","-0.9","3","4","40","13","0.105","1.587","-0.02382","115.0886",0,"surface",-0.813343190252187,-0.005366
"455",455,"L","1.06","-1.8","2","93.5","4.9","0.186","1.931","0.051672","113.1594",0,"core",-0.50990719926505,3.8805625
"456",456,"E","-0.74","3","4","62","12.3","0.151","1.862","0.006802","129.1155",0,"surface",-0.972020096041904,-0.794707
"457",457,"E","-0.74","3","4","62","12.3","0.151","1.862","0.006802","129.1155",0,"surface",-0.704924495244659,0.5009975
"458",458,"N","-0.78","2","4","58.7","11.6","0.134","1.655","0.005392","114.1039",0,"core",-0.942154876594309,7.470214
"459",459,"K","-1.5","3","2","100","11.3","0.219","2.258","0.017708","128.1741",0,"surface",-0.0261946797221178,0.0738075
"460",460,"L","1.06","-1.8","2","93.5","4.9","0.186","1.931","0.051672","113.1594",0,"core",-0.736997853130166,3.8106345
"461",461,"E","-0.74","3","4","62","12.3","0.151","1.862","0.006802","129.1155",0,"surface",0.0287657975263349,0.1864985
"462",462,"S","-0.18","0.3","4","29.3","9.2","0.062","1.298","0.004627","87.0782",2.001090382,"surface",0.0446637902946523,0.8774735
"463",463,"L","1.06","-1.8","2","93.5","4.9","0.186","1.931","0.051672","113.1594",0,"core",-0.737750744139948,4.2440425
"464",464,"P","0.12","0","2","41.9","8","0.131","1.468","0.239531","97.1167",0,"core",-0.357457839909307,3.474799
"465",465,"N","-0.78","2","4","58.7","11.6","0.134","1.655","0.005392","114.1039",1.957588418,"surface",-0.371985568870166,-0.3138455
"466",466,"E","-0.74","3","4","62","12.3","0.151","1.862","0.006802","129.1155",0,"surface",0.0856353029892805,2.281487
"467",467,"I","1.38","-1.8","2","93.5","5.2","0.186","1.81","0.021631","113.1594",0,"core",-0.342585611256198,2.9278385
"468",468,"A","0.62","-0.5","2","27.5","8.1","0.046","1.181","0.007187","71.0788",0,"core",-0.33527646020337,3.1798895
"469",469,"Y","0.26","-2.3","3","117.3","6.2","0.298","2.368","0.023599","163.176",0,"surface",-0.357349331709223,0.6556225
"470",470,"L","1.06","-1.8","2","93.5","4.9","0.186","1.931","0.051672","113.1594",0,"core",-0.0295542629730549,4.9248135
"471",471,"K","-1.5","3","2","100","11.3","0.219","2.258","0.017708","128.1741",1.326809927,"surface",0.161312956110477,0.444637
"472",472,"D","-0.9","3","4","40","13","0.105","1.587","-0.02382","115.0886",0,"surface",-0.230551330591728,0.004219
"473",473,"L","1.06","-1.8","2","93.5","4.9","0.186","1.931","0.051672","113.1594",0,"core",-0.453769014038109,5.7604155
"474",474,"Q","-0.85","0.2","4","80.7","10.5","0.18","1.932","0.049211","128.1307",0,"surface",-0.257582055604121,1.9652235
"475",475,"K","-1.5","3","2","100","11.3","0.219","2.258","0.017708","128.1741",3.583347894,"surface",-0.386250284351245,1.0841625
"476",476,"L","1.06","-1.8","2","93.5","4.9","0.186","1.931","0.051672","113.1594",0,"core",-0.395334265397736,3.714676
"477",477,"V","1.08","-1.5","2","71.5","5.9","0.14","1.645","0.057004","99.1326",0.888682996,"core",-0.15471226374588,0.703614
"478",478,"L","1.06","-1.8","2","93.5","4.9","0.186","1.931","0.051672","113.1594",0,"core",-0.559724440981556,4.025516
"479",479,"T","-0.05","-0.4","4","51.3","8.6","0.108","1.525","0.003352","101.1051",0,"surface",-0.223422424849149,-0.7126565
"480",480,"N","-0.78","2","4","58.7","11.6","0.134","1.655","0.005392","114.1039",0,"surface",0.152759138654081,0.985512
"481",481,"N","-0.78","2","4","58.7","11.6","0.134","1.655","0.005392","114.1039",0,"core",-0.630125119893822,8.6701005
"482",482,"Q","-0.85","0.2","4","80.7","10.5","0.18","1.932","0.049211","128.1307",0,"surface",0.00122619142482014,0.516956
"483",483,"L","1.06","-1.8","2","93.5","4.9","0.186","1.931","0.051672","113.1594",0,"core",-0.366790079201136,3.4448725
"484",484,"T","-0.05","-0.4","4","51.3","8.6","0.108","1.525","0.003352","101.1051",6.289141202,"surface",0.156251115424145,-0.5391105
"485",485,"T","-0.05","-0.4","4","51.3","8.6","0.108","1.525","0.003352","101.1051",1.868512966,"surface",-0.290427858801975,0.100018
"486",486,"L","1.06","-1.8","2","93.5","4.9","0.186","1.931","0.051672","113.1594",1.936873196,"core",-0.256323980350522,3.491888
"487",487,"P","0.12","0","2","41.9","8","0.131","1.468","0.239531","97.1167",0,"surface",-0.141529472689954,2.2079425
"488",488,"R","-2.53","3","4","105","10.5","0.18","1.932","0.049211","156.1875",0,"surface",-0.459513822391085,0.2958505
"489",489,"G","0.48","0","2","0","9","0","0.881","0.179052","57.0519",0,"core",-0.297520498971822,-0.2924805
"490",490,"I","1.38","-1.8","2","93.5","5.2","0.186","1.81","0.021631","113.1594",0,"core",-0.179239356525138,2.980086
"491",491,"G","0.48","0","2","0","9","0","0.881","0.179052","57.0519",0,"core",-0.561148102584023,7.183668
"492",492,"H","-0.4","-0.5","4","79","10.4","0.23","2.025","-0.01069","137.1411",0,"surface",-0.346943458848736,-0.1061875
"493",493,"L","1.06","-1.8","2","93.5","4.9","0.186","1.931","0.051672","113.1594",0,"core",0.0171869617203619,4.2323865
"494",494,"T","-0.05","-0.4","4","51.3","8.6","0.108","1.525","0.003352","101.1051",1.777365992,"surface",-0.0038388567131934,-0.224325
"495",495,"N","-0.78","2","4","58.7","11.6","0.134","1.655","0.005392","114.1039",1.777365992,"surface",-0.124363265321987,0.871551
"496",496,"L","1.06","-1.8","2","93.5","4.9","0.186","1.931","0.051672","113.1594",0,"core",-0.422067453404896,5.956264
"497",497,"T","-0.05","-0.4","4","51.3","8.6","0.108","1.525","0.003352","101.1051",0,"surface",-0.201383532982838,1.178721
"498",498,"H","-0.4","-0.5","4","79","10.4","0.23","2.025","-0.01069","137.1411",0,"surface",-0.410444992021119,0.581962
"499",499,"L","1.06","-1.8","2","93.5","4.9","0.186","1.931","0.051672","113.1594",0,"core",-0.388449442633621,3.3900865
"500",500,"G","0.48","0","2","0","9","0","0.881","0.179052","57.0519",0,"core",-0.197739576812985,-0.091404
"501",501,"L","1.06","-1.8","2","93.5","4.9","0.186","1.931","0.051672","113.1594",0,"core",-0.358821793917625,4.073383
"502",502,"G","0.48","0","2","0","9","0","0.881","0.179052","57.0519",0,"core",-0.137096811798767,2.979974
"503",503,"E","-0.74","3","4","62","12.3","0.151","1.862","0.006802","129.1155",0,"surface",-0.819079195641561,-0.1894695
"504",504,"N","-0.78","2","4","58.7","11.6","0.134","1.655","0.005392","114.1039",0,"core",-0.338186081844929,6.973476
"505",505,"L","1.06","-1.8","2","93.5","4.9","0.186","1.931","0.051672","113.1594",1.936873196,"surface",0.0638657619992731,0.1910825
"506",506,"L","1.06","-1.8","2","93.5","4.9","0.186","1.931","0.051672","113.1594",0,"core",-0.387337066852748,3.2596685
"507",507,"T","-0.05","-0.4","4","51.3","8.6","0.108","1.525","0.003352","101.1051",3.440798266,"surface",0.153494486759051,-0.2192565
"508",508,"H","-0.4","-0.5","4","79","10.4","0.23","2.025","-0.01069","137.1411",3.964893366,"surface",-0.0479967151775006,-0.0700885
"509",509,"L","1.06","-1.8","2","93.5","4.9","0.186","1.931","0.051672","113.1594",0,"core",-0.636771909795588,4.178543
"510",510,"P","0.12","0","2","41.9","8","0.131","1.468","0.239531","97.1167",2.119167144,"core",-0.0486595526092478,3.7413805
"511",511,"E","-0.74","3","4","62","12.3","0.151","1.862","0.006802","129.1155",0,"surface",-0.211394614516984,-0.20391
"512",512,"E","-0.74","3","4","62","12.3","0.151","1.862","0.006802","129.1155",0,"surface",-0.348317040932282,0.6265015
"513",513,"I","1.38","-1.8","2","93.5","5.2","0.186","1.81","0.021631","113.1594",2.217539183,"core",-0.318715058653814,3.0419755
"514",514,"G","0.48","0","2","0","9","0","0.881","0.179052","57.0519",0,"core",-0.3611576279635,4.7400875
"515",515,"T","-0.05","-0.4","4","51.3","8.6","0.108","1.525","0.003352","101.1051",0,"surface",-1.11972782747846,-0.2755385
"516",516,"L","1.06","-1.8","2","93.5","4.9","0.186","1.931","0.051672","113.1594",0,"core",-0.204692390634989,4.5495
"517",517,"E","-0.74","3","4","62","12.3","0.151","1.862","0.006802","129.1155",0,"surface",-0.166896881782461,0.3013735
"518",518,"N","-0.78","2","4","58.7","11.6","0.134","1.655","0.005392","114.1039",0,"surface",-0.133523504298227,1.5192775
"519",519,"L","1.06","-1.8","2","93.5","4.9","0.186","1.931","0.051672","113.1594",0,"core",-0.636516316366098,5.161216
"520",520,"E","-0.74","3","4","62","12.3","0.151","1.862","0.006802","129.1155",0,"surface",0.0279188689131579,0.4056885
"521",521,"E","-0.74","3","4","62","12.3","0.151","1.862","0.006802","129.1155",0,"surface",-0.163647517501849,0.9057155
"522",522,"L","1.06","-1.8","2","93.5","4.9","0.186","1.931","0.051672","113.1594",0,"core",-0.674566543827745,4.2986005
"523",523,"Y","0.26","-2.3","3","117.3","6.2","0.298","2.368","0.023599","163.176",0,"surface",-0.0595988274540325,1.772828
"524",524,"L","1.06","-1.8","2","93.5","4.9","0.186","1.931","0.051672","113.1594",0,"core",-0.329662182362071,4.8476645
"525",525,"N","-0.78","2","4","58.7","11.6","0.134","1.655","0.005392","114.1039",0,"surface",-0.102974077609822,0.522368
"526",526,"D","-0.9","3","4","40","13","0.105","1.587","-0.02382","115.0886",0,"surface",-0.442213687357012,1.7341235
"527",527,"N","-0.78","2","4","58.7","11.6","0.134","1.655","0.005392","114.1039",0,"core",-0.403427830464327,6.8882675
"528",528,"P","0.12","0","2","41.9","8","0.131","1.468","0.239531","97.1167",0,"surface",0.143625347572951,1.0560615
"529",529,"N","-0.78","2","4","58.7","11.6","0.134","1.655","0.005392","114.1039",5.872765253,"surface",0.15916202330454,-0.0987655
"530",530,"L","1.06","-1.8","2","93.5","4.9","0.186","1.931","0.051672","113.1594",0,"core",-0.445770429803346,4.0332175
"531",531,"H","-0.4","-0.5","4","79","10.4","0.23","2.025","-0.01069","137.1411",1.848833505,"surface",0.071838544719855,-0.1660615
"532",532,"S","-0.18","0.3","4","29.3","9.2","0.062","1.298","0.004627","87.0782",3.045137538,"surface",-0.105264899919798,0.026541
"533",533,"L","1.06","-1.8","2","93.5","4.9","0.186","1.931","0.051672","113.1594",0,"core",-0.532176858031607,4.1074555
"534",534,"P","0.12","0","2","41.9","8","0.131","1.468","0.239531","97.1167",0,"surface",-0.25929547345535,4.105878
"535",535,"F","1.19","-2.5","2","115.5","5.2","0.29","2.228","0.037552","147.1766",0,"surface",-0.365509859806035,1.213404
"536",536,"E","-0.74","3","4","62","12.3","0.151","1.862","0.006802","129.1155",0,"surface",-0.373502010939887,1.554302
"537",537,"L","1.06","-1.8","2","93.5","4.9","0.186","1.931","0.051672","113.1594",0,"core",-0.561123190240852,4.276111
"538",538,"A","0.62","-0.5","2","27.5","8.1","0.046","1.181","0.007187","71.0788",0,"core",-0.545102641066281,5.99026
"539",539,"L","1.06","-1.8","2","93.5","4.9","0.186","1.931","0.051672","113.1594",0,"surface",-0.400457311864968,1.349114
"540",540,"C","0.29","-1","2","44.6","5.5","0.128","1.461","-0.03661","103.1388",0,"core",-0.264484661420472,3.984962
"541",541,"S","-0.18","0.3","4","29.3","9.2","0.062","1.298","0.004627","87.0782",0,"surface",-0.257592261150443,-0.2465565
"542",542,"K","-1.5","3","2","100","11.3","0.219","2.258","0.017708","128.1741",0,"surface",-0.437893948742152,0.8259415
"543",543,"L","1.06","-1.8","2","93.5","4.9","0.186","1.931","0.051672","113.1594",0,"surface",-0.706751395783107,3.4431895
"544",544,"S","-0.18","0.3","4","29.3","9.2","0.062","1.298","0.004627","87.0782",0,"surface",-0.0222333453989224,-0.098201
"545",545,"I","1.38","-1.8","2","93.5","5.2","0.186","1.81","0.021631","113.1594",0,"surface",-0.139245767160098,1.0127105
"546",546,"M","0.64","-1.3","2","94.1","5.7","0.221","2.034","0.002683","131.1986",0,"core",-0.563199825802509,4.527733
"547",547,"S","-0.18","0.3","4","29.3","9.2","0.062","1.298","0.004627","87.0782",0,"core",-0.161300319588875,-0.172581
"548",548,"I","1.38","-1.8","2","93.5","5.2","0.186","1.81","0.021631","113.1594",0,"core",-0.0553819112086214,2.7236185
"549",549,"E","-0.74","3","4","62","12.3","0.151","1.862","0.006802","129.1155",0,"surface",0.152063192288644,-0.050332
"550",550,"N","-0.78","2","4","58.7","11.6","0.134","1.655","0.005392","114.1039",0,"surface",0.00987660320668663,1.7062575
"551",551,"C","0.29","-1","2","44.6","5.5","0.128","1.461","-0.03661","103.1388",0,"core",-0.848384435819829,7.8637975
"552",552,"P","0.12","0","2","41.9","8","0.131","1.468","0.239531","97.1167",0,"surface",-0.173737076732113,1.769853
"553",553,"L","1.06","-1.8","2","93.5","4.9","0.186","1.931","0.051672","113.1594",0,"core",-0.605188537186961,3.973622
"554",554,"S","-0.18","0.3","4","29.3","9.2","0.062","1.298","0.004627","87.0782",3.001635574,"surface",0.012493475169702,-0.1678925
"555",555,"H","-0.4","-0.5","4","79","10.4","0.23","2.025","-0.01069","137.1411",2.001090382,"surface",0.035745259182319,-0.037584
"556",556,"L","1.06","-1.8","2","93.5","4.9","0.186","1.931","0.051672","113.1594",0,"core",-0.308472417198815,3.29412
"557",557,"P","0.12","0","2","41.9","8","0.131","1.468","0.239531","97.1167",0,"surface",0.171786657020302,2.8199435
"558",558,"P","0.12","0","2","41.9","8","0.131","1.468","0.239531","97.1167",3.828172905,"surface",0.0552440600945211,1.8246575
"559",559,"Q","-0.85","0.2","4","80.7","10.5","0.18","1.932","0.049211","128.1307",0,"surface",-0.012803950066127,0.407433
"560",560,"I","1.38","-1.8","2","93.5","5.2","0.186","1.81","0.021631","113.1594",0,"surface",-0.321143940108921,2.2010275
"561",561,"V","1.08","-1.5","2","71.5","5.9","0.14","1.645","0.057004","99.1326",0,"surface",0.0482472696559792,1.392512
"562",562,"A","0.62","-0.5","2","27.5","8.1","0.046","1.181","0.007187","71.0788",0,"surface",0.0569262070647844,0.211768
"563",563,"G","0.48","0","2","0","9","0","0.881","0.179052","57.0519",0,"surface",-0.27223732639697,3.8612045
"564",564,"G","0.48","0","2","0","9","0","0.881","0.179052","57.0519",0,"core",-0.97844557201185,3.725176
"565",565,"P","0.12","0","2","41.9","8","0.131","1.468","0.239531","97.1167",0,"surface",-0.553292491735599,1.342178
"566",566,"S","-0.18","0.3","4","29.3","9.2","0.062","1.298","0.004627","87.0782",0,"surface",-0.213749750909663,-0.5759725
"567",567,"F","1.19","-2.5","2","115.5","5.2","0.29","2.228","0.037552","147.1766",0,"surface",0.0949001261185581,0.137975
"568",568,"I","1.38","-1.8","2","93.5","5.2","0.186","1.81","0.021631","113.1594",0,"core",-0.318815788271765,6.4311695
"569",569,"I","1.38","-1.8","2","93.5","5.2","0.186","1.81","0.021631","113.1594",0,"surface",-0.324779101276599,2.0712035
"570",570,"Q","-0.85","0.2","4","80.7","10.5","0.18","1.932","0.049211","128.1307",0,"surface",-0.364507712228067,0.5001835
"571",571,"F","1.19","-2.5","2","115.5","5.2","0.29","2.228","0.037552","147.1766",0,"core",-0.35615115007287,3.513393
"572",572,"L","1.06","-1.8","2","93.5","4.9","0.186","1.931","0.051672","113.1594",0,"core",-0.389299786832936,3.4909835
"573",573,"K","-1.5","3","2","100","11.3","0.219","2.258","0.017708","128.1741",0,"surface",-0.455621552848027,1.677949
"574",574,"M","0.64","-1.3","2","94.1","5.7","0.221","2.034","0.002683","131.1986",0,"surface",-0.251167234867336,1.604542
"575",575,"Q","-0.85","0.2","4","80.7","10.5","0.18","1.932","0.049211","128.1307",0,"surface",-0.246096598844316,0.37062
"576",576,"G","0.48","0","2","0","9","0","0.881","0.179052","57.0519",0,"core",-0.546928636142899,10.306648
"577",577,"P","0.12","0","2","41.9","8","0.131","1.468","0.239531","97.1167",2.022841365,"surface",-0.252254002349172,1.283008
"578",578,"Y","0.26","-2.3","3","117.3","6.2","0.298","2.368","0.023599","163.176",0,"surface",-0.616763130053928,3.0158295
"579",579,"R","-2.53","3","4","105","10.5","0.18","1.932","0.049211","156.1875",0,"surface",-0.254188036269625,1.6485885
"580",580,"A","0.62","-0.5","2","27.5","8.1","0.046","1.181","0.007187","71.0788",0,"surface",-0.15160769795865,0.501643
"581",581,"M","0.64","-1.3","2","94.1","5.7","0.221","2.034","0.002683","131.1986",0,"surface",-0.392268117444732,-0.0808715
"582",582,"V","1.08","-1.5","2","71.5","5.9","0.14","1.645","0.057004","99.1326",0,"surface",-0.0601295206128514,-0.1495735
